标题,信息,薪水,关键词,标签,其它,其它1,其它2,关键词3
"
          上海蓝木化工有限公司
        ",（深圳）底薪10K 市场营销/市场拓展,"
          1-2万
        ","市场推广
市场策划
市场拓展
品牌营销
整合营销
公关营销
市场专员
市场运营",市场推广,"
          经验不限
        ","
          学历不限
        ",深圳·南山·桃源,"
          合资
         
          300-499人
         
          生物工程
        "
"
          北财智投(杭州)信息科技有限公司
        ",市场营销推广,"
          6000-10000元
        ","市场策划
品牌营销
创意内容创作
市场调研",市场策划,"
          经验不限
        ","
          大专
        ",杭州·拱墅·上塘,"
          其它
         
          20-99人
         
          专业技术服务
        "
"
          外企德科
        ",互联网数字营销运营/市场营销运营+周末双休,"
          1.4-1.8万
        ","网络营销
海外营销
数字营销
面试定薪
周末双休",网络营销,"
          经验不限
        ","
          本科
        ",上海·浦东·洋泾,"
          合资
         
          10000人以上
         
          人力资源服务
        "
"
          郑州清宵健康管理有限公司
        ",单身经济市场营销,"
          1-1.5万
        ","单身经济
橙人用品",单身经济,"
          经验不限
        ","
          学历不限
        ",郑州·二七区·嵩山路," 
          20人以下
         
          医疗设备/器械
        "
"
          常州瑞明药业股份有限公司
        ",市场营销专员,"
          7000-12000元
        ","市场营销
市场推广",市场营销,"
          1-3年
        ","
          本科
        ",常州·新北·三井,"
          民营
         
          100-299人
         
          医药制造
        "
"
          太原燊光咨询服务有限公司
        ",市场营销,"
          3000-6000元
        ",,,"
          经验不限
        ","
          学历不限
        ",太原·义井," 
          20人以下
         
          居民服务
        "
"
          泰康之家经营管理有限公司
        ",市场营销管培生,"
          6000-8000元·13薪
        ",,,"
          经验不限
        ","
          本科
        ",福州·晋安·岳峰,"
          民营
         
          10000人以上
         
          养老/孤儿/看护
        "
"
          外企德科数字技术有限公司
        ",大众点评市场营销专员,"
          9000-13000元
        ","市场营销
活动策划
媒介投放",市场营销,"
          1-3年
        ","
          大专
        ",上海·杨浦·大桥,"
          合资
         
          10000人以上
         
          专业技术服务
        "
"
          中国人寿保险股份有限公司郑州市分公司
        ",央企直聘市场营销经理,"
          1-1.5万
        ","市场营销
市场推广
市场策划",市场营销,"
          经验不限
        ","
          大专
        ",郑州·金水·丰产路,"
          上市公司
         
          1000-9999人
         
          保险
        "
"
          沈阳市和平区桃桃美学美容中心(个体工商户)
        ",美业咨询师、服务老师、市场营销、0基础可入行,"
          8000-12000元
        ","人事
美容护肤
市场推广",人事,"
          经验不限
        ","
          学历不限
        ",沈阳·和平·南湖," 
          20-99人
         
          美发/美容/保健
        "
"
          SELLECK上海赛徕克生物科技有限公司
        ",市场研究员/市场专员/市场营销,"
          1-2万
        ","市场调研
商业调研
行业调研
定性研究
定量研究
问卷调研
可用性分析",市场调研,"
          经验不限
        ","
          本科
        ",上海·浦东·康桥,"
          合资
         
          300-499人
         
          生物工程
        "
"
          博岳通信
        ",市场营销管培生,"
          6000-9000元
        ","市场拓展
公关营销",市场拓展,"
          经验不限
        ","
          本科
        ",石家庄·裕华·宋营,"
          民营
         
          10000人以上
         
          运营商/增值服务
        "
"
          昆明康知语健康咨询有限公司
        ",中医市场营销,"
          8000-16000元
        ","中医理疗科
中医内科
针灸推拿科
热爱中医
中医学习
康复中心
诊所
私立医院",中医理疗科,"
          经验不限
        ","
          学历不限
        ",昆明·官渡·矣六,"
          民营
         
          100-299人
         
          医美/健康服务
        "
"
          厦门银行
        ",2026分行市场营销类,"
          1-1.5万
        ",管理培训生,管理培训生,"
          经验不限
        ","
          本科
        ",厦门·思明·筼筜,"
          上市公司
         
          1000-9999人
         
          银行
        "
"
          湖南联资一号信息技术有限公司
        ",市场营销+双休1万以上,"
          1.2-2.4万
        ","整合营销
品牌营销
公关营销",整合营销,"
          经验不限
        ","
          学历不限
        ",长沙·岳麓·观沙岭,"
          民营
         
          1000-9999人
         
          租赁/拍卖/典当/担保
        "
"
          上海中谷物流股份有限公司
        ",市场营销,"
          6000-9000元
        ","整合营销
市场推广
市场策划",整合营销,"
          经验不限
        ","
          本科
        ",南宁·良庆·良庆镇,"
          上市公司
         
          1000-9999人
         
          货运/物流/仓储
        "
"
          北京五八信息技术有限公司
        ",石家庄-接受应届毕业生-市场营销专员(J29780),"
          8000-12000元
        ",,,"
          经验不限
        ","
          大专
        ",石家庄·长安·广安,"
          合资
         
          10000人以上
         
          互联网
        "
"
          深圳惠科新材料股份有限公司
        ",市场营销专员,"
          8000-10000元
        ",市场推广,市场推广,"
          经验不限
        ","
          本科
        ",深圳·宝安·石岩,"
          股份制企业
         
          1000-9999人
         
          电子/半导体/集成电路
        "
"
          威海双丰电子集团有限公司
        ",海外市场营销（双休）,"
          7000-10000元
        ",五险一金,五险一金,"
          经验不限
        ","
          本科
        ",青岛·即墨·鳌山卫,"
          民营
         
          500-999人
         
          仪器仪表制造
        "
"
          招商银行股份有限公司信用卡中心
        ",市场营销专员,"
          9000-14000元
        ","市场推广
市场拓展
零售",市场推广,"
          经验不限
        ","
          本科
        ",深圳·福田·沙头,"
          股份制企业
         
          1000-9999人
         
          银行
        "
"
          德视佳(上海)医疗管理有限公司
        ",市场营销专员,"
          7000-9000元
        ","市场策划
新媒体策划
活动策划
市场营销",市场策划,"
          1-3年
        ","
          大专
        ",深圳·罗湖·桂园,"
          上市公司
         
          100-299人
         
          医院
        "
"
          上海蓝木化工有限公司
        ",（上海）底薪10K 市场营销/市场拓展,"
          1-2万
        ","市场推广
市场策划
市场拓展
品牌营销
整合营销
公关营销
市场专员
市场运营",市场推广,"
          经验不限
        ","
          学历不限
        ",上海·嘉定·安亭,"
          合资
         
          300-499人
         
          生物工程
        "
"
          南通经贸技工学校
        ",市场营销专业教师,"
          5000-10000元
        ",,,"
          经验不限
        ","
          本科
        ",南通·崇川·唐闸镇,"
          学校/下级学院
         
          500-999人
         
          学校/学历教育
        "
"
          石家庄霆盛文化发展有限公司
        ",市场营销 无经验带薪培训,"
          8000-12000元
        ","团队管理经验
含销售性质",团队管理经验,"
          经验不限
        ","
          学历不限
        ",石家庄·长安·青园,"
          民营
         
          20-99人
         
          企业服务
        "
"
          酒泉市肃州区老年养护院心怡康医院
        ",市场营销策划,"
          5000-8000元
        ","市场策划
营销策划
活动策划",市场策划,"
          经验不限
        ","
          大专
        ",酒泉·肃州区·东北街街道," 
          100-299人
         
          医院
        "
"
          TCL中环能源科技（江苏）有限公司
        ",2026年校园招聘-市场营销类岗位,"
          6000-12000元
        ",市场拓展,市场拓展,"
          经验不限
        ","
          本科
        ",苏州·工业园区,"
          民营
         
          1000-9999人
         
          新能源
        "
"
          海澜集团
        ",市场营销类（2026届校招）,"
          6000-8000元
        ",市场推广,市场推广,"
          经验不限
        ","
          本科
        ",无锡·江阴·新桥,"
          民营
         
          10000人以上
         
          服装/纺织/皮革
        "
"
          山东中远认证技术有限公司
        ",市场营销专员,"
          7000-14000元
        ",,,"
          经验不限
        ","
          大专
        ",潍坊·奎文·新城,"
          股份制企业
         
          100-299人
         
          检测/认证
        "
"
          山西独特装饰工程有限公司
        ",市场营销,"
          7000-10000元
        ",市场宣传,市场宣传,"
          经验不限
        ","
          学历不限
        ",太原·长风西街,"
          股份制企业
         
          500-999人
         
          装饰装修
        "
"
          三亚宏航商旅有限公司
        ",市场营销,"
          4000-8000元
        ","市场推广
市场策划
市场拓展
整合营销
品牌营销
公关营销",市场推广,"
          经验不限
        ","
          学历不限
        ",三亚·吉阳区,"
          股份制企业
         
          20-99人
         
          旅游服务
        "
"
          中国移动通信集团江苏有限公司南京分公司
        ",市场营销,"
          7000-14000元
        ","市场拓展
整合营销",市场拓展,"
          经验不限
        ","
          高中
        ",南京·沙洲,"
          国企
         
          1000-9999人
         
          运营商/增值服务
        "
"
          零点(长春)网络运营有限公司
        ",市场营销专员,"
          8000-16000元
        ","市场推广
市场拓展",市场推广,"
          经验不限
        ","
          学历不限
        ",长春·朝阳·重庆,"
          民营
         
          100-299人
         
          电子商务
        "
"
          上海高顿教育科技有限公司
        ",市场营销管培生-面向26/25界,"
          1-1.5万
        ","市场策划
市场推广",市场策划,"
          经验不限
        ","
          本科
        ",南京·秦淮·朝天宫,"
          民营
         
          1000-9999人
         
          培训/辅导服务
        "
"
          中节能数字科技有限公司
        ",2025/2026年毕业生、管培生（市场营销方向岗位）,"
          8000-15000元·13薪
        ","市场岗
数据业务",市场岗,"
          经验不限
        ","
          本科
        ",北京·海淀·西三旗,"
          国企
         
          1000-9999人
         
          环保
        "
"
          中国人寿保险股份有限公司郑州市分公司
        ",央企直聘市场营销经理,"
          1-1.5万
        ","市场营销
市场推广
市场策划",市场营销,"
          经验不限
        ","
          大专
        ",郑州·金水·祭城路,"
          上市公司
         
          1000-9999人
         
          保险
        "
"
          中国平安人寿保险股份有限公司洪州支公司
        ",市场营销策划,"
          1-1.2万
        ","活动策划
市场策划
品牌策划",活动策划,"
          经验不限
        ","
          大专
        ",南昌·西湖,"
          股份制企业
         
          500-999人
         
          保险
        "
"
          天津市尚雅曼科技有限公司
        ",市场营销,"
          8000-16000元
        ","市场拓展
品牌营销",市场拓展,"
          经验不限
        ","
          学历不限
        ",天津·西青·李七庄,"
          民营
         
          500-999人
         
          美发/美容/保健
        "
"
          温州海关综合技术服务中心
        ",市场营销专员,"
          6000-10000元
        ",市场营销,市场营销,"
          经验不限
        ","
          大专
        ",温州·龙港市,"
          事业单位
         
          100-299人
         
          政府/公共事业
        "
"
          东莞市月亮通信科技有限公司
        ",中国电信销售•市场营销•双休,"
          9000-15000元
        ","市场推广
市场拓展",市场推广,"
          经验不限
        ","
          学历不限
        ",东莞·南城街道,"
          其它
         
          20-99人
         
          运营商/增值服务
        "
"
          海博圣澜美丽(青岛)空间科技有限公司
        ",市场营销专员,"
          1-2万
        ",,,"
          经验不限
        ","
          学历不限
        ",青岛·市北·河西," 
          20-99人
         
          企业服务
        "
"
          翰坤(杭州)科技控股有限公司
        ",市场营销专员,"
          1-2万
        ","市场拓展
品牌营销",市场拓展,"
          经验不限
        ","
          大专
        ",杭州·余杭·仓前,"
          民营
         
          100-299人
         
          橡胶和塑料制品
        "
"
          万控智造股份有限公司
        ",海外市场营销管培生,"
          7000-8000元
        ",美洲,美洲,"
          经验不限
        ","
          本科
        ",温州·龙湾区·海城街道,"
          股份制企业
         
          1000-9999人
         
          电气机械/电力设备
        "
"
          上海蓝木化工有限公司
        ",（北京）底薪10K 市场营销/市场拓展,"
          1-2万
        ","市场推广
市场策划
市场拓展
品牌营销
整合营销
公关营销
市场专员
市场运营",市场推广,"
          经验不限
        ","
          学历不限
        ",北京·大兴·天宫院,"
          合资
         
          300-499人
         
          生物工程
        "
"
          中国人寿保险股份有限公司深圳市分公司
        ",市场营销专员,"
          1.1-1.2万
        ","市场推广
市场拓展
整合营销
品牌营销
公关营销",市场推广,"
          经验不限
        ","
          大专
        ",深圳·福田·华强北,"
          国企
         
          10000人以上
         
          保险
        "
"
          永安期货
        ",市场营销岗（含应届）,"
          8000-10000元
        ","期货从业资格
财富业务
证券/期货",期货从业资格,"
          经验不限
        ","
          本科
        ",舟山·定海区·千岛街道,"
          国企
         
          1000-9999人
         
          证券/期货
        "
"
          中山市传承医学研究有限公司
        ",市场营销,"
          9000-11000元
        ","市场推广
市场策划
市场拓展
品牌营销
整合营销",市场推广,"
          经验不限
        ","
          学历不限
        ",中山·石岐街道,"
          其它
         
          20-99人
         
          医药制造
        "
"
          上海沪能防腐隔热工程技术有限公司
        ",市场营销策划专员,"
          6000-8000元
        ","市场策划
品牌策划",市场策划,"
          经验不限
        ","
          大专
        ",文昌·会文镇,"
          民营
         
          100-299人
         
          工程施工
        "
"
          云南拓百科技有限公司
        ",市场营销助理双休不加班,"
          7000-14000元
        ","金融
团队管理经验
含销售性质
B端客户
政府客户
市场营销",金融,"
          经验不限
        ","
          大专
        ",昆明·盘龙·联盟,"
          民营
         
          100-299人
         
          互联网
        "
"
          北京国华置业有限公司
        ",管理培训生（市场营销方向）,"
          8000-10000元
        ",市场营销方向,市场营销方向,"
          经验不限
        ","
          本科
        ",苏州·姑苏·金阊,"
          合资
         
          500-999人
         
          房地产开发
        "
"
          河南美瀚信息技术有限公司
        ",市场营销专员,"
          8000-15000元
        ","市场策划
市场推广
市场调研
营销材料维护",市场策划,"
          经验不限
        ","
          大专
        ",郑州·管城·北下街,"
          其它
         
          100-299人
         
          零售/批发
        "
"
          湖南联资一号信息技术有限公司
        ",市场营销总监,"
          1.5-3万
        ",个人客户,个人客户,"
          经验不限
        ","
          学历不限
        ",长沙·岳麓·观沙岭,"
          民营
         
          1000-9999人
         
          租赁/拍卖/典当/担保
        "
"
          招商银行股份有限公司信用卡中心
        ",市场营销专员,"
          8000-15000元
        ","市场策划
市场推广
市场拓展
品牌营销
整合营销",市场策划,"
          经验不限
        ","
          本科
        ",深圳·福田·沙头,"
          股份制企业
         
          1000-9999人
         
          银行
        "
"
          禾丰食品股份有限公司
        ",市场营销管培生,"
          5000-10000元
        ","市场营销方向
应届毕业生
无经验",市场营销方向,"
          经验不限
        ","
          本科
        ",邯郸·临漳县·临漳镇,"
          上市公司
         
          10000人以上
         
          农副产品加工制造
        "
"
          食研食品(中国)有限公司
        ",市场营销专员（上海）,"
          5000-8000元·13薪
        ",取得C1或C2驾照,取得C1或C2驾照,"
          经验不限
        ","
          本科
        ",上海·黄浦·豫园,"
          合资
         
          100-299人
         
          食品/饮料
        "
"
          浙江伟星新型建材股份有限公司
        ",市场营销管培生,"
          6000-9000元
        ","市场推广
整合营销",市场推广,"
          经验不限
        ","
          本科
        ",广州·番禺·大石,"
          上市公司
         
          1000-9999人
         
          建材
        "
"
          日升星耀科技(河北)有限公司
        ",市场营销,"
          7000-12000元
        ","市场策划
品牌营销
创意内容创作
市场调研",市场策划,"
          经验不限
        ","
          大专
        ",廊坊·固安县·固安镇," 
          300-499人
         
          计算机硬件
        "
"
          TCL中环能源科技（江苏）有限公司
        ",2026年校园招聘-市场营销类岗位,"
          6000-12000元
        ",市场拓展,市场拓展,"
          经验不限
        ","
          本科
        ",北京·海淀·紫竹院,"
          民营
         
          1000-9999人
         
          新能源
        "
"
          思特奇
        ",市场营销,"
          8000-12000元
        ","市场策划
市场拓展",市场策划,"
          经验不限
        ","
          本科
        ",北京·海淀,"
          上市公司
         
          1000-9999人
         
          运营商/增值服务
        "
"
          通号低空智能科技有限公司
        ",市场营销(J10006),"
          8000-16000元
        ","市场推广
市场策划
市场拓展
公关营销
品牌营销
整合营销",市场推广,"
          经验不限
        ","
          本科
        ",南京·江宁·秣陵,"
          国企
         
          300-499人
         
          IT服务
        "
"
          北京正德弘远数智科技有限公司
        ",市场营销实习生,"
          4000-8000元
        ","市场策划
品牌营销",市场策划,"
          经验不限
        ","
          本科
        ",青岛·市北·河西,"
          民营
         
          100-299人
         
          计算机软件
        "
"
          广州青创健康科技有限公司
        ",中医市场营销,"
          5000-8000元
        ","市场推广
市场策划
市场拓展
公关营销
品牌营销
整合营销",市场推广,"
          经验不限
        ","
          大专
        ",广州·花都·新雅,"
          民营
         
          100-299人
         
          医疗设备/器械
        "
"
          智联猎头
        ",国企正编-市场营销及施工履约岗（2026届校招）,"
          1-1.3万
        ",,,"
          经验不限
        ","
          本科
        ",上海·长宁·江苏路,"
          其它
         
          10000人以上
         
          互联网
        "
"
          上海蓝木化工有限公司
        ",（南京）底薪9K 市场营销/市场拓展,"
          9000-18000元
        ","市场拓展
面销/陌拜
区域销售
高校/科研客户",市场拓展,"
          经验不限
        ","
          学历不限
        ",南京·鼓楼·中央门,"
          合资
         
          300-499人
         
          生物工程
        "
"
          广州英赛特生物技术有限公司
        ",市场营销（海外岗）,"
          9000-18000元·14薪
        ","日韩
非洲
欧洲
印度
澳新
东南亚
南美
北美
动物营养",日韩,"
          经验不限
        ","
          硕士
        ",广州·黄埔·联和,"
          民营
         
          100-299人
         
          医药制造
        "
"
          昇腾技术(深圳)有限公司
        ",市场营销专员,"
          8000-12000元
        ","市场推广
市场策划
机械
机电
车辆",市场推广,"
          经验不限
        ","
          本科
        ",深圳·南山·南山,"
          合资
         
          20-99人
         
          计算机软件
        "
"
          福建海大饲料有限公司
        ",市场营销员,"
          5000-9000元
        ",市场推广,市场推广,"
          经验不限
        ","
          本科
        ",漳州·长泰区·岩溪镇,"
          民营
         
          100-299人
         
          农/林/牧/渔
        "
"
          北京五八信息技术有限公司
        ",接受小白/市场营销顾问(J31113),"
          8000-16000元
        ",,,"
          经验不限
        ","
          大专
        ",长沙·岳麓·西湖,"
          合资
         
          10000人以上
         
          互联网
        "
"
          日照市华实农牧有限公司
        ",市场营销储备干部,"
          5000-8000元·13薪
        ","销售方向
市场营销方向
数据分析
项目推进",销售方向,"
          经验不限
        ","
          本科
        ",盐城·盐都区·楼王镇,"
          民营
         
          500-999人
         
          农/林/牧/渔
        "
"
          温州悦阳健康科技有限公司
        ",市场营销,"
          6000-12000元
        ",,,"
          经验不限
        ","
          学历不限
        ",温州·鹿城区·南汇街道," 
          20-99人
         
          医疗设备/器械
        "
"
          天津市尚雅曼科技有限公司
        ",市场营销员,"
          1-1.6万
        ","市场推广
品牌营销
地推
能吃苦耐劳🈶上进心",市场推广,"
          经验不限
        ","
          学历不限
        ",天津·西青·李七庄,"
          民营
         
          500-999人
         
          美发/美容/保健
        "
"
          江苏嘉宏德恒行物业服务有限公司
        ",【嘉之星】2026届管培生（人力/财务/酒店/商业/物业/市场营销/成本招采）,"
          6000-8000元·13薪
        ","人力资源管理方向
市场营销方向
工程管理方向
旅游管理方向",人力资源管理方向,"
          经验不限
        ","
          本科
        ",常州·天宁·天宁街道,"
          民营
         
          100-299人
         
          物业管理
        "
"
          无锡新申锡国际贸易有限公司
        ",市场营销专员,"
          1.2-1.5万
        ",,,"
          1-3年
        ","
          本科
        ",无锡·新吴·江溪,"
          代表处
         
          20-99人
         
          贸易/进出口
        "
"
          河南椽泽网络科技有限公司
        ",市场营销+带薪培训,"
          8000-12000元
        ","市场拓展
客户关系管理
销售线索开发",市场拓展,"
          经验不限
        ","
          大专
        ",郑州·管城·北下街,"
          民营
         
          100-299人
         
          在线生活服务（O2O）
        "
"
          中国平安人寿保险股份有限公司洪州支公司
        ",市场营销,"
          1.5-2万·13薪
        ","线上营销经验
教育咨询
酒店管理
快消品销售
自由职业
含销售性质
个人客户
企业客户
广告/公关营销
整合营销",线上营销经验,"
          1-3年
        ","
          大专
        ",南昌,"
          股份制企业
         
          500-999人
         
          保险
        "
"
          武汉铁锚焊接材料股份有限公司
        ",国企市场营销,"
          8000-15000元
        ","市场推广
市场拓展
公关营销
整合营销
市场策划",市场推广,"
          经验不限
        ","
          本科
        ",武汉·青山·武东,"
          股份制企业
         
          500-999人
         
          船舶/航空/航天/火车制造
        "
"
          奇瑞汽车股份有限公司
        ",市场营销助理,"
          8000-10000元
        ","品牌营销
市场推广
市场策划",品牌营销,"
          经验不限
        ","
          本科
        ",芜湖·鸠江区·清水街道,"
          股份制企业
         
          10000人以上
         
          汽车研发/制造
        "
"
          宁波渠成集团有限公司
        ",海外市场营销/推广（B2B）,"
          9000-14000元
        ","数字营销
社媒营销
品牌营销",数字营销,"
          1-3年
        ","
          本科
        ",宁波·鄞州·首南,"
          民营
         
          500-999人
         
          贸易/进出口
        "
"
          中国人寿保险股份有限公司深圳市分公司
        ",市场营销专员,"
          8000-15000元
        ","市场推广
市场拓展",市场推广,"
          经验不限
        ","
          学历不限
        ",深圳·罗湖·黄贝,"
          国企
         
          10000人以上
         
          保险
        "
"
          河南北之海信息科技有限公司
        ",少儿编程市场营销推广,"
          8000-10000元
        ","少儿编程
B端销售",少儿编程,"
          1-3年
        ","
          大专
        ",郑州·中原·沟赵,"
          民营
         
          100-299人
         
          互联网
        "
"
          环球慧思数据技术
        ",市场营销专员,"
          4000-8000元
        ",,,"
          经验不限
        ","
          大专
        ",青岛·市北·敦化路,"
          民营
         
          500-999人
         
          互联网
        "
"
          中国检验认证集团福建有限公司
        ",市场营销专员,"
          4000-8000元
        ","市场拓展
市场推广",市场拓展,"
          经验不限
        ","
          本科
        ",福州·马尾·马尾,"
          国企
         
          500-999人
         
          检测/认证
        "
"
          招商银行股份有限公司信用卡中心
        ",招商银行市场营销策划（六险一金）,"
          8000-16000元
        ","活动策划
营销策划
招商策划
金融业
餐饮业",活动策划,"
          1-3年
        ","
          本科
        ",成都·武侯·桂溪,"
          股份制企业
         
          1000-9999人
         
          银行
        "
"
          旺旺集团
        ",市场营销企划专员（新品上市）,"
          1-1.4万
        ","营销策划
市场策划",营销策划,"
          经验不限
        ","
          本科
        ",上海·闵行·虹桥,"
          上市公司
         
          10000人以上
         
          快速消费品
        "
"
          上海蓝木化工有限公司
        ",（苏州）底薪9K 市场营销/市场拓展,"
          9000-18000元
        ","市场推广
市场策划
市场拓展
品牌营销
整合营销
公关营销
市场专员
市场运营",市场推广,"
          经验不限
        ","
          学历不限
        ",苏州·姑苏·双塔,"
          合资
         
          300-499人
         
          生物工程
        "
"
          云南金诺教育投资控股集团有限公司
        ",市场营销主管,"
          8000-12000元
        ","销售运营
渠道运营
线下运营",销售运营,"
          1-3年
        ","
          本科
        ",昆明·西山·金碧,"
          民营
         
          1000-9999人
         
          培训/辅导服务
        "
"
          海南太古可口可乐饮料有限公司
        ",可口可乐市场营销管培生,"
          6000-10000元·13薪
        ","市场推广
市场策划
市场拓展
品牌营销",市场推广,"
          经验不限
        ","
          本科
        ",海口·秀英·海秀,"
          外商独资
         
          500-999人
         
          快速消费品
        "
"
          濂溪区九顶餐饮店
        ",市场营销员,"
          8000-9000元
        ","市场推广
公关营销",市场推广,"
          经验不限
        ","
          学历不限
        ",九江·濂溪区·五里街道," 
          20人以下
         
          餐饮服务
        "
"
          河南颐尔福新能源科技有限公司
        ",海外市场营销,"
          6000-10000元
        ","B端客户
海外社交媒体投放
跨境电商运营
北美
南美
欧洲
澳新
日韩",B端客户,"
          经验不限
        ","
          本科
        ",郑州·中牟·三官庙,"
          民营
         
          100-299人
         
          专用设备制造
        "
"
          中粮可口可乐饮料(四川)有限公司
        ",潜翔计划-市场营销-销售方向,"
          6000-8000元·13薪
        ",,,"
          经验不限
        ","
          本科
        ",成都·金牛·抚琴,"
          国企
         
          1000-9999人
         
          快速消费品
        "
"
          中环领先半导体科技股份有限公司
        ",2026年校园招聘-市场营销类(J14363),"
          8000-16000元·13薪
        ","26届应届毕业生
理工科背景",26届应届毕业生,"
          经验不限
        ","
          本科
        ",无锡·宜兴·屺亭,"
          合资
         
          1000-9999人
         
          电子/半导体/集成电路
        "
"
          中粮可口可乐
        ",潜翔计划-市场营销-销售方向,"
          面议
        ",,,"
          经验不限
        ","
          本科
        ",长沙·天心·城南路,"
          合资
         
          10000人以上
         
          快速消费品
        "
"
          湖南善孝堂养老服务有限公司
        ",市场营销专员（养老行业）,"
          5000-10000元
        ","全白班
市场营销",全白班,"
          经验不限
        ","
          大专
        ",长沙·开福·东风路,"
          股份制企业
         
          100-299人
         
          养老/孤儿/看护
        "
"
          中信建投期货有限公司
        ",市场营销经理,"
          5000-10000元
        ","市场营销
整合营销
网络营销",市场营销,"
          经验不限
        ","
          本科
        ",北京·左家庄,"
          国企
         
          500-999人
         
          证券/期货
        "
"
          河南贝瑞法拍信息科技有限公司
        ",市场营销总监,"
          1.5-3万
        ",市场营销,市场营销,"
          经验不限
        ","
          高中
        ",郑州·二七区·蜜蜂张,"
          股份制企业
         
          300-499人
         
          咨询服务
        "
"
          新力通
        ",储备干部（市场营销）,"
          5000-8000元
        ","市场营销方向
销售方向
行政管理方向",市场营销方向,"
          经验不限
        ","
          本科
        ",青岛·平度·同和,"
          上市公司
         
          500-999人
         
          电气机械/电力设备
        "
"
          浙江泰隆商业银行股份有限公司台州玉环支行
        ",市场营销,"
          6000-12000元
        ","市场推广
市场拓展
市场策划
公关营销
品牌营销
整合营销",市场推广,"
          经验不限
        ","
          大专
        ",台州·玉城街道,"
          股份制企业
         
          1000-9999人
         
          银行
        "
"
          中国平安人寿保险股份有限公司洪州支公司
        ",市场营销,"
          8000-16000元·15薪
        ","市场推广
公关营销",市场推广,"
          1-3年
        ","
          大专
        ",南昌·西湖,"
          股份制企业
         
          500-999人
         
          保险
        "
"
          上海瑞稼房地产经纪有限公司
        ",市场营销/房产销售/销售顾问,"
          1.1-1.8万·13薪
        ","住宅房产
商业房产
办公房产
新房
二手房
别墅
面销/陌拜
电话销售
地推销售
住房补贴
团建福利
带薪培训
带薪年假
高提成",住宅房产,"
          经验不限
        ","
          大专
        ",上海·静安·彭浦,"
          民营
         
          100-299人
         
          房地产中介
        "
"
          贵州怀平律师事务所
        ",市场营销,"
          7000-12000元·16薪
        ",,,"
          经验不限
        ","
          大专
        ",贵阳·观山湖·长岭,"
          律师事务所
         
          20人以下
         
          法律服务
        "
"
          安徽域家网络科技有限公司
        ",双休市场营销专员,"
          8000-10000元
        ","含销售性质
普通话流利
B端客户
电销",含销售性质,"
          经验不限
        ","
          学历不限
        ",合肥·庐阳·双岗,"
          民营
         
          20-99人
         
          互联网
        "
"
          成都建国汽车贸易有限公司
        ",品牌合作专员（懂市场营销）,"
          8000-10000元
        ","市场推广
市场策划
市场拓展
整合营销
品牌营销",市场推广,"
          1-3年
        ","
          本科
        ",成都·双流·万安,"
          民营
         
          10000人以上
         
          汽车4S店/经销商
        "
"
          武汉铁锚焊接材料股份有限公司
        ",市场营销,"
          8000-15000元
        ",市场开发,市场开发,"
          经验不限
        ","
          本科
        ",武汉·青山·武东,"
          股份制企业
         
          500-999人
         
          船舶/航空/航天/火车制造
        "
"
          泰康人寿保险有限责任公司北京东城第一支公司
        ",市场营销专员,"
          1.2-2万
        ","市场推广
整合营销
品牌营销",市场推广,"
          经验不限
        ","
          大专
        ",北京·朝阳·朝外,"
          民营
         
          10000人以上
         
          保险
        "
"
          上海蓝木化工有限公司
        ",（宁波）底薪9K 市场营销/市场拓展,"
          9000-18000元
        ","市场推广
市场策划
市场拓展
整合营销
品牌营销
公关营销
市场专员
市场运营",市场推广,"
          经验不限
        ","
          学历不限
        ",宁波·江北·孔浦,"
          合资
         
          300-499人
         
          生物工程
        "
"
          合肥综合性国家科学中心能源研究院(安徽省能源实验室)
        ",市场营销,"
          6000-7000元·14薪
        ","市场策划
宣传",市场策划,"
          1年以下
        ","
          本科
        ",合肥·庐阳·三十岗,"
          事业单位
         
          100-299人
         
          新能源
        "
"
          大连追梦人科技有限公司
        ",市场营销,"
          8000-12000元
        ","市场开发
市场拓展
市场营销
市场宣传",市场开发,"
          经验不限
        ","
          本科
        ",大连·沙河口·马栏,"
          民营
         
          20-99人
         
          景区/商业/市场等综合管理
        "
"
          威海精诚进出口有限公司
        ",市场营销专员（上海）,"
          8000-12000元
        ",,,"
          经验不限
        ","
          本科
        ",上海·长宁·天山路,"
          其它
         
          300-499人
         
          贸易/进出口
        "
"
          武汉大鱼智慧健康管理有限公司
        ",市场营销,"
          7000-12000元
        ","快消/零售
市场营销",快消/零售,"
          经验不限
        ","
          学历不限
        ",武汉·汉阳," 
          100-299人
         
          医疗设备/器械
        "
"
          河南红宇企业集团有限责任公司
        ",市场营销/销售,"
          4000-8000元
        ","含销售性质
品牌营销",含销售性质,"
          经验不限
        ","
          大专
        ",南阳·卧龙区·七里园乡," 
          100-299人
         
          金属制品业
        "
"
          山东阳光新材料科技有限公司
        ",市场营销策划专员（双休）,"
          6000-8000元
        ","活动策划
市场策划
品牌策划",活动策划,"
          1-3年
        ","
          大专
        ",泰安·岱岳区·道朗镇,"
          股份制企业
         
          100-299人
         
          金属制品业
        "
"
          嗣晟建工有限公司
        ",市场/营销/拓展专员/销售代表,"
          8000-15000元·13薪
        ","市场开发
招投标
分公司开拓",市场开发,"
          经验不限
        ","
          学历不限
        ",成都·金牛·金泉,"
          民营
         
          100-299人
         
          工程施工
        "
"
          中国人寿保险股份有限公司郑州市分公司
        ",央企直聘市场营销经理,"
          1-1.5万
        ","市场营销
市场推广
市场策划",市场营销,"
          经验不限
        ","
          大专
        ",郑州·管城·北下街,"
          上市公司
         
          1000-9999人
         
          保险
        "
"
          中国汽车技术研究中心有限公司
        ",市场营销岗,"
          面议
        ","市场营销
客户经理",市场营销,"
          经验不限
        ","
          本科
        ",广州·黄埔·龙湖,"
          国企
         
          1000-9999人
         
          汽车研发/制造
        "
"
          圆通速递有限公司
        ",市场营销推广专员,"
          6000-8000元
        ",市场,市场,"
          1-3年
        ","
          本科
        ",北京·顺义,"
          上市公司
         
          10000人以上
         
          邮政/快递
        "
"
          浙江华企信息科技有限公司宁波第一分公司
        ",市场营销管培生,"
          1-1.6万
        ","市场拓展
市场推广
整合营销",市场拓展,"
          经验不限
        ","
          大专
        ",宁波·海曙·鼓楼,"
          民营
         
          100-299人
         
          网络/信息安全
        "
"
          中煤科工集团唐山研究院有限公司
        ",市场营销岗,"
          4000-8000元
        ","市场推广
市场拓展
市场策划
整合营销",市场推广,"
          经验不限
        ","
          本科
        ",唐山·路北区·文化路街道,"
          国企
         
          500-999人
         
          专用设备制造
        "
"
          湖南恒业腾飞房地产土地资产评估有限公司
        ",营销助理/市场营销/区域营销/商务助理,"
          1-1.2万
        ","市场拓展
整合营销
沟通能力
市场推广
学习能力",市场拓展,"
          经验不限
        ","
          本科
        ",长沙·天心·金盆岭,"
          民营
         
          100-299人
         
          咨询服务
        "
"
          西安万兴服务外包有限责任公司
        ",强生市场营销专员（contractor）,"
          1-1.3万·13薪
        ","市场策划
市场推广
整合营销
品牌营销
公关营销
活动策划
用户增长
数据分析",市场策划,"
          1-3年
        ","
          本科
        ",上海·徐汇·虹梅路,"
          民营
         
          500-999人
         
          咨询服务
        "
"
          浙江华企信息科技有限公司
        ",市场营销,"
          9000-12000元
        ","互联网外贸
网络推广
网络销售
B端客户
市场营销
海外市场营销",互联网外贸,"
          经验不限
        ","
          大专
        ",南通·崇川·城东,"
          民营
         
          300-499人
         
          互联网
        "
"
          浙江伟星新型建材股份有限公司
        ",市场营销,"
          5000-8000元
        ","市场推广
整合营销",市场推广,"
          经验不限
        ","
          本科
        ",杭州·西湖·翠苑,"
          上市公司
         
          1000-9999人
         
          建材
        "
"
          中宠股份
        ",海外市场营销专员,"
          1-2万
        ","C端客户
B端客户
海外市场开发
欧洲
澳新
东南亚
北美
南美",C端客户,"
          1-3年
        ","
          本科
        ",上海·徐汇·龙华,"
          民营
         
          1000-9999人
         
          快速消费品
        "
"
          济南业之峰装饰工程有限责任公司
        ",市场营销（网销+电销）,"
          6000-8000元
        ",电销,电销,"
          经验不限
        ","
          大专
        ",济南·历下·龙洞,"
          股份制企业
         
          100-299人
         
          装饰装修
        "
"
          信阳大别山会务服务有限公司
        ",市场营销,"
          7000-9000元
        ",,,"
          1-3年
        ","
          大专
        ",信阳·平桥区·前进街道," 
          20-99人
         
          餐饮服务
        "
"
          沈阳真空技术研究所有限公司
        ",市场营销,"
          8000-12000元
        ",市场推广,市场推广,"
          1-3年
        ","
          本科
        ",沈阳·大东·万泉,"
          国企
         
          100-299人
         
          学术/科研
        "
"
          牧原股份
        ",销售专员/销售代表/销售管培生/市场营销（底薪8K起，转正综合15-40K+，免费住宿等）,"
          1.5-3万
        ","市场推广
市场策划
市场拓展
整合营销",市场推广,"
          经验不限
        ","
          本科
        ",衡水·桃城区,"
          上市公司
         
          10000人以上
         
          农/林/牧/渔
        "
"
          爱又(杭州)商贸有限公司
        ",市场营销策划,"
          1.3-1.6万·13薪
        ",,,"
          1-3年
        ","
          本科
        ",杭州·上城·南星," 
          100-299人
         
          零售/批发
        "
"
          金佰利（中国）有限公司 Kimberly-Clark (China) Co., Ltd.
        ",市场营销,"
          面议
        ",市场策划,市场策划,"
          3-5年
        ","
          本科
        ",青岛·沧口,"
          合资
         
          500-999人
         
          快速消费品
        "
"
          益阳金能新材料有限责任公司
        ",市场营销专员,"
          8000-12000元
        ","市场策划
品牌营销",市场策划,"
          1-3年
        ","
          大专
        ",益阳·赫山区·朝阳街道,"
          民营
         
          500-999人
         
          金属制品业
        "
"
          贵州华鑫信息技术有限公司
        ",市场营销经理,"
          1.5-2万
        ",,,"
          经验不限
        ","
          本科
        ",深圳·南山·桃源,"
          国企
         
          100-299人
         
          电子/半导体/集成电路
        "
"
          宁夏清研高分子新材料有限公司
        ",市场营销专员,"
          5000-8000元
        ",,,"
          1-3年
        ","
          本科
        ",石嘴山·惠农区," 
          100-299人
         
          化学原料/化学制品
        "
"
          兴业消费金融股份公司
        ",管理培训生（市场营销方向）,"
          1.5-2万
        ",,,"
          经验不限
        ","
          本科
        ",上海·静安·天目西路,"
          银行
         
          1000-9999人
         
          银行
        "
"
          苏州长风航空电子有限公司
        ",市场营销员,"
          6000-12000元·15薪
        ",市场营销,市场营销,"
          经验不限
        ","
          本科
        ",苏州·虎丘·枫桥,"
          国企
         
          500-999人
         
          船舶/航空/航天/火车制造
        "
"
          中国人寿保险股份有限公司郑州市分公司
        ",央企直聘市场营销经理,"
          1-1.5万
        ","市场营销
市场推广
市场策划",市场营销,"
          经验不限
        ","
          大专
        ",郑州·二七区·福华街,"
          上市公司
         
          1000-9999人
         
          保险
        "
"
          泰康之家经营管理有限公司
        ",【2026届校招】泰康之家-黔园社区-市场营销岗,"
          5000-8000元·13薪
        ",市场策划,市场策划,"
          经验不限
        ","
          本科
        ",贵阳·白云,"
          民营
         
          10000人以上
         
          养老/孤儿/看护
        "
"
          顺丰速运
        ",市场营销（活动策划）,"
          7000-10000元·13薪
        ","活动策划
市场策划
品牌策划",活动策划,"
          经验不限
        ","
          本科
        ",沈阳·浑南·五三,"
          上市公司
         
          10000人以上
         
          货运/物流/仓储
        "
"
          中国汽车技术研究中心有限公司
        ",市场营销岗,"
          面议
        ","市场推广
市场拓展",市场推广,"
          经验不限
        ","
          本科
        ",宁波·鄞州·潘火,"
          国企
         
          1000-9999人
         
          汽车研发/制造
        "
"
          河南省曼蒂玛拉商贸有限公司
        ",市场营销8k-12k,"
          8000-16000元
        ","市场推广
市场拓展
网络销售
面销
团队氛围好
公费旅游",市场推广,"
          经验不限
        ","
          大专
        ",郑州·管城·城东路,"
          股份制企业
         
          10000人以上
         
          快速消费品
        "
"
          万控智造股份有限公司
        ",市场营销管培生,"
          6000-8000元·13薪
        ",市场策划,市场策划,"
          经验不限
        ","
          大专
        ",温州·龙湾区·海城街道,"
          股份制企业
         
          1000-9999人
         
          电气机械/电力设备
        "
"
          兴业银行股份有限公司台州分行
        ",2026应届毕业生（管培生、市场营销岗、运营支持岗）,"
          8000-12000元
        ",,,"
          经验不限
        ","
          本科
        ",台州·椒江区·葭沚街道,"
          银行
         
          300-499人
         
          银行
        "
"
          食研食品(中国)有限公司
        ",市场营销专员（深圳）,"
          5000-8000元·13薪
        ",取得C1或C2驾照,取得C1或C2驾照,"
          经验不限
        ","
          本科
        ",深圳·龙华·龙华,"
          合资
         
          100-299人
         
          食品/饮料
        "
"
          义乌市文辉饭店
        ",市场营销经理,"
          8000-15000元
        ","市场推广
市场策划
市场拓展
品牌营销
公关营销
整合营销",市场推广,"
          经验不限
        ","
          学历不限
        ",金华·稠城街道,"
          其它
         
          100-299人
         
          快速消费品
        "
"
          青岛东方影都影视产业管理有限公司
        ",市场营销,"
          9000-18000元·15薪
        ","市场策划
市场推广
整合营销
品牌营销
渠道营销
文旅营销",市场策划,"
          经验不限
        ","
          大专
        ",青岛·黄岛·灵山卫,"
          合资
         
          100-299人
         
          广播/影视
        "
"
          陈克明食品股份有限公司
        ",市场营销策划,"
          8000-12000元
        ",,,"
          1-3年
        ","
          本科
        ",长沙·天心·暮云,"
          上市公司
         
          1000-9999人
         
          快速消费品
        "
"
          浙江伟星新型建材股份有限公司
        ",市场营销,"
          6000-10000元
        ",,,"
          经验不限
        ","
          本科
        ",长沙·雨花·同升,"
          上市公司
         
          1000-9999人
         
          建材
        "
"
          沃德税务师事务所(内蒙古)集团有限公司
        ",电话营销/网络销售/市场营销,"
          5000-8000元
        ","企业客户
财税咨询服务
电话销售技巧
客户关系管理",企业客户,"
          1-3年
        ","
          大专
        ",鄂尔多斯·东胜区·天骄街道,"
          股份制企业
         
          100-299人
         
          财务/审计/税务
        "
"
          中国平安人寿保险股份有限公司天津市河西支公司
        ",市场营销策划专员,"
          9000-18000元
        ","专员
活动策划
市场策划
新媒体策划",专员,"
          经验不限
        ","
          本科
        ",天津·河西·下瓦房,"
          股份制企业
         
          500-999人
         
          保险
        "
"
          杭州燚辰科技有限公司
        ",市场营销,"
          500-1000元/天
        ","市场推广
市场拓展
市场策划",市场推广,"
          经验不限
        ","
          学历不限
        ",杭州·萧山·北干," 
          20人以下
         
          IT服务
        "
"
          牧原股份
        ",销售专员/销售代表/销售管培生/市场营销（底薪8K起，转正综合15-40K+，免费住宿等）,"
          1.5-3万
        ","市场推广
市场策划
市场拓展
整合营销",市场推广,"
          经验不限
        ","
          本科
        ",信阳·平桥区,"
          上市公司
         
          10000人以上
         
          农/林/牧/渔
        "
"
          北京正德弘远数智科技有限公司
        ",市场营销,"
          150-200元/天
        ","市场推广
市场策划
品牌营销",市场推广,"
          经验不限
        ","
          本科
        ",青岛·市北·河西,"
          民营
         
          100-299人
         
          计算机软件
        "
"
          金友信建筑劳务有限公司
        ",市场营销专员,"
          8000-16000元
        ","市场拓展
公关营销
整合营销
市场推广",市场拓展,"
          经验不限
        ","
          本科
        ",昆明·官渡·太和,"
          民营
         
          100-299人
         
          建筑设备安装
        "
"
          南京海鲸药业股份有限公司
        ",市场营销管培生,"
          5000-8000元
        ","销售方向
市场营销方向",销售方向,"
          经验不限
        ","
          本科
        ",合肥·包河·常青,"
          股份制企业
         
          500-999人
         
          医药制造
        "
"
          惠达卫浴股份有限公司
        ",市场营销管培生,"
          8000-16000元
        ","市场策划
市场推广
整合营销",市场策划,"
          1年以下
        ","
          硕士
        ",北京·大兴,"
          股份制企业
         
          1000-9999人
         
          非金属矿物制品业
        "
"
          道恩集团
        ",市场营销员,"
          4000-8000元
        ","市场推广
市场拓展
整合营销
品牌营销
公关营销",市场推广,"
          1-3年
        ","
          本科
        ",烟台·龙口·龙港,"
          民营
         
          1000-9999人
         
          石油/石化
        "
"
          中国人寿保险股份有限公司郑州市分公司
        ",央企直聘市场营销经理,"
          1-1.3万
        ",,,"
          经验不限
        ","
          大专
        ",郑州·金水·丰产路,"
          上市公司
         
          1000-9999人
         
          保险
        "
"
          湖南新融达房地产土地资产评估有限公司
        ",市场营销员,"
          5000-8000元
        ","市场营销
营销员
营销助理
销售",市场营销,"
          经验不限
        ","
          本科
        ",长沙·天心·金盆岭,"
          民营
         
          100-299人
         
          咨询服务
        "
"
          昆山标新智能科技有限公司
        ",市场营销专员,"
          7000-10000元·13薪
        ",营销推广,营销推广,"
          经验不限
        ","
          本科
        ",苏州·昆山·张浦,"
          民营
         
          100-299人
         
          工业自动化
        "
"
          上海港机重工有限公司
        ",市场营销岗（2026届毕业生）,"
          7000-12000元
        ",市场拓展,市场拓展,"
          经验不限
        ","
          本科
        ",上海·浦东·宣桥,"
          国企
         
          500-999人
         
          电气机械/电力设备
        "
"
          江西金黄光科技集团有限责任公司
        ",集团市场营销部・市场商务经理,"
          6000-8000元
        ","市场营销
市场商务经理",市场营销,"
          1年以下
        ","
          本科
        ",南昌·青山湖,"
          合资
         
          100-299人
         
          光电子行业
        "
"
          河南国电特种电缆有限公司
        ",市场营销,"
          4000-8000元
        ","市场拓展
市场推广
市场策划
品牌营销
整合营销",市场拓展,"
          经验不限
        ","
          本科
        ",南阳·社旗县·桥头镇,"
          其它
         
          20-99人
         
          电气机械/电力设备
        "
"
          上海鹏盛建设集团有限公司
        ",市场营销,"
          8000-16000元
        ",,,"
          经验不限
        ","
          大专
        ",佛山·高明·荷城,"
          民营
         
          100-299人
         
          工程施工
        "
"
          厦门蓝湾科技有限公司
        ",市场营销,"
          6000-12000元
        ",,,"
          经验不限
        ","
          本科
        ",厦门·海沧·东孚,"
          民营
         
          100-299人
         
          医药制造
        "
"
          四川圣迪乐村生态食品股份有限公司
        ",管培生（人力资源与市场营销方向）,"
          4000-8000元
        ","人力资源管理方向
运营方向",人力资源管理方向,"
          经验不限
        ","
          本科
        ",深圳·龙华·龙华,"
          民营
         
          1000-9999人
         
          农/林/牧/渔
        "
"
          金普新区棠美如歌健康咨询服务店(个体工商户)
        ",轻医美市场营销总监,"
          8000-16000元
        ","市场营销
市场推广
市场策划",市场营销,"
          经验不限
        ","
          学历不限
        ",大连·金州·马桥子,"
          其它
         
          20-99人
         
          美发/美容/保健
        "
"
          招商银行股份有限公司信用卡中心
        ",市场营销经理,"
          4000-8000元
        ","含销售性质
品牌营销",含销售性质,"
          经验不限
        ","
          本科
        ",烟台·芝罘·毓璜顶,"
          股份制企业
         
          1000-9999人
         
          银行
        "
"
          芜湖华音至上餐饮管理有限公司
        ",市场营销,"
          5000-10000元
        ",市场推广,市场推广,"
          经验不限
        ","
          学历不限
        ",芜湖,"
          合资
         
          100-299人
         
          餐饮服务
        "
"
          江苏振光电力设备制造有限公司
        ",市场营销类,"
          8000-10000元
        ","顾问式咨询服务
客户需求分析
市场信息收集",顾问式咨询服务,"
          经验不限
        ","
          硕士
        ",镇江·丹徒区·谷阳镇,"
          国企
         
          500-999人
         
          电力/水利/热力/燃气
        "
"
          广发期货有限公司
        ",市场营销岗0564,"
          6000-11000元
        ",,,"
          经验不限
        ","
          本科
        ",南京·建邺·沙洲,"
          其它
         
          500-999人
         
          证券/期货
        "
"
          富兰克润滑科技(太仓)有限公司
        ",海外市场营销,"
          8000-12000元
        ",,,"
          1-3年
        ","
          本科
        ",苏州·太仓·浮桥,"
          民营
         
          100-299人
         
          化学原料/化学制品
        "
"
          牧原股份
        ",销售专员/销售代表/销售管培生/市场营销（底薪8K起，转正综合15-40K+，免费住宿等）,"
          1.5-3万
        ","市场推广
市场策划
市场拓展
整合营销",市场推广,"
          经验不限
        ","
          本科
        ",济宁·兖州区·新兖镇,"
          上市公司
         
          10000人以上
         
          农/林/牧/渔
        "
"
          杭州中德汽车维修有限公司
        ",市场营销专员,"
          8000-12000元
        ","市场营销
网络营销
数据统计分析",市场营销,"
          1-3年
        ","
          学历不限
        ",杭州·拱墅·石桥,"
          民营
         
          100-299人
         
          汽车研发/制造
        "
"
          杭州湘葵科技有限公司
        ",市场营销专员,"
          9000-10000元·13薪
        ","市场策划
市场推广
市场调研
营销材料更新",市场策划,"
          1-3年
        ","
          大专
        ",杭州·滨江·西兴," 
          20-99人
         
          计算机软件
        "
"
          东方电气集团科学技术研究院有限公司
        ",市场营销工程师,"
          1-2万
        ","市场推广
市场拓展
整合营销
品牌营销",市场推广,"
          经验不限
        ","
          本科
        ",福州·闽侯·上街,"
          国企
         
          100-299人
         
          电力/水利/热力/燃气
        "
"
          常兴集团有限公司
        ",市场营销,"
          1000元以下
        ","房地产/建筑
团队管理经验
含销售性质",房地产/建筑,"
          5-10年
        ","
          学历不限
        ",德州·鲁权屯镇,"
          民营
         
          100-299人
         
          通用设备制造
        "
"
          深圳市乐有家控股集团有限公司
        ",市场营销实习生/9000,"
          1.3-2.2万
        ","个人客户
电话销售
网络销售
门店销售",个人客户,"
          经验不限
        ","
          本科
        ",深圳·南山·西丽,"
          民营
         
          10000人以上
         
          房地产中介
        "
"
          合曜生物科技(南京)有限公司
        ",市场营销专员,"
          7000-9000元
        ","市场推广
食品行业
市场营销",市场推广,"
          1-3年
        ","
          大专
        ",滁州·南谯区·大王街道,"
          民营
         
          20-99人
         
          生物工程
        "
"
          深圳市奥春机电科技有限公司
        ",市场营销工程师,"
          1.2-2万
        ","市场推广
市场拓展
市场策划
整合营销
公关营销
品牌营销",市场推广,"
          1-3年
        ","
          学历不限
        ",深圳·宝安·航城,"
          民营
         
          20-99人
         
          工业自动化
        "
"
          道依茨法尔机械有限公司
        ",市场营销专员,"
          6000-12000元
        ",市场营销,市场营销,"
          经验不限
        ","
          本科
        ",临沂·临沭·郑山,"
          合资
         
          500-999人
         
          电气机械/电力设备
        "
"
          济南易恒技术有限公司
        ",市场营销工程师,"
          1-1.5万
        ","市场营销
市场推广",市场营销,"
          经验不限
        ","
          本科
        ",济南·历城·鲍山,"
          民营
         
          100-299人
         
          工业自动化
        "
"
          西安数驱智信息科技有限公司
        ",市场营销,"
          3000-5000元
        ","市场推广
市场策划
市场调研
营销计划制定
团队管理",市场推广,"
          经验不限
        ","
          本科
        ",咸阳·秦都区·钓台街道,"
          民营
         
          20-99人
         
          人工智能
        "
"
          山东泰开自动化有限公司
        ",市场营销专员,"
          7000-10000元
        ","金融
含销售性质",金融,"
          经验不限
        ","
          本科
        ",泰安·岱岳区·北集坡街道,"
          民营
         
          100-299人
         
          仪器仪表制造
        "
"
          正大集团
        ",市场营销专员(J18245),"
          8000-12000元
        ","市场策划
市场推广
品牌营销
整合营销",市场策划,"
          经验不限
        ","
          本科
        ",北京·朝阳·建外,"
          外商独资
         
          10000人以上
         
          农/林/牧/渔
        "
"
          中国南玻集团股份有限公司
        ",市场营销专员,"
          8000-13000元
        ","市场推广
品牌营销",市场推广,"
          1-3年
        ","
          大专
        ",南昌·青云谱·徐家坊,"
          上市公司
         
          10000人以上
         
          非金属矿物制品业
        "
"
          中国人寿保险股份有限公司深圳市分公司
        ",市场营销专员/综合业务专员,"
          5000-10000元
        ","市场推广
市场策划
市场拓展
整合营销
品牌营销
公关营销",市场推广,"
          经验不限
        ","
          大专
        ",深圳·福田·华强北,"
          国企
         
          10000人以上
         
          保险
        "
"
          浙江伟星新型建材股份有限公司
        ",市场营销,"
          6000-8000元
        ",市场拓展,市场拓展,"
          经验不限
        ","
          本科
        ",长春·二道·远达,"
          上市公司
         
          1000-9999人
         
          建材
        "
"
          成都红顶聚成网络信息咨询有限公司
        ",市场营销,"
          1-2万
        ","能吃苦，心态好
市场推广
公关营销",能吃苦，心态好,"
          经验不限
        ","
          学历不限
        ",成都·金牛·五块石,"
          民营
         
          20-99人
         
          运营商/增值服务
        "
"
          福州田字格科技有限公司
        ",市场营销专员,"
          6000-10000元
        ","市场营销
数据统计分析
营销管理
团队管理
营销策划
目标管理",市场营销,"
          1-3年
        ","
          本科
        ",福州·晋安·新店,"
          民营
         
          100-299人
         
          零售/批发
        "
"
          招商银行股份有限公司信用卡中心
        ",市场营销专员+经验不限,"
          8000-16000元
        ","金融
含销售性质",金融,"
          经验不限
        ","
          大专
        ",广州·天河·冼村,"
          股份制企业
         
          1000-9999人
         
          银行
        "
"
          辽宁鲸飞软件有限公司
        ",市场营销专员,"
          1-2万
        ","市场推广
市场拓展
品牌营销
整合营销",市场推广,"
          经验不限
        ","
          学历不限
        ",沈阳·于洪·北陵," 
          20-99人
         
          计算机软件
        "
"
          百岁山(成都)饮料有限公司
        ",陕西省市场营销策划,"
          8000-13000元
        ","经理
活动策划
市场策划
品牌策划",经理,"
          1-3年
        ","
          本科
        ",西安·碑林·长安路," 
          500-999人
         
          食品/饮料
        "
"
          北京仁义健康养老服务有限公司
        ",市场营销专员,"
          1.2-1.5万
        ","市场拓展
市场推广
整合营销",市场拓展,"
          经验不限
        ","
          大专
        ",北京·朝阳·建外," 
          100-299人
         
          投资/融资
        "
"
          河北环海物流有限公司
        ",市场营销代表,"
          1-2万
        ","海运
空运
周末双休
五险一金
单位体检",海运,"
          经验不限
        ","
          本科
        ",石家庄·桥西·苑东,"
          民营
         
          100-299人
         
          货运/物流/仓储
        "
"
          浙江申远信息技术有限公司
        ",市场营销专员+双休+五险一金+高底薪,"
          8000-16000元
        ","市场推广
市场拓展",市场推广,"
          经验不限
        ","
          大专
        ",宁波·鄞州·首南,"
          民营
         
          100-299人
         
          互联网
        "
"
          天津市羽弘科技有限公司
        ",市场营销,"
          9000-15000元
        ","市场推广
市场策划
市场拓展
品牌营销",市场推广,"
          经验不限
        ","
          学历不限
        ",天津·河东·上杭路,"
          民营
         
          20-99人
         
          美发/美容/保健
        "
"
          湖南恒业腾飞房地产土地资产评估有限公司
        ",营销助理/市场营销/区域营销/商务助理,"
          1-1.2万
        ","市场拓展
整合营销
沟通能力
市场推广
学习能力",市场拓展,"
          经验不限
        ","
          本科
        ",湘西·吉首市·乾州街道,"
          民营
         
          100-299人
         
          咨询服务
        "
"
          中国汽车技术研究中心有限公司
        ",市场营销岗,"
          面议
        ","客户经理
汽车行业",客户经理,"
          1-3年
        ","
          本科
        ",天津·东丽·新立,"
          国企
         
          1000-9999人
         
          汽车研发/制造
        "
"
          广州小糊涂仙酒业有限公司
        ",市场营销管培生,"
          5000-10000元·13薪
        ","市场营销
策划
营销方向
销售方向
市场方向",市场营销,"
          经验不限
        ","
          本科
        ",宁波·海曙·段塘,"
          民营
         
          1000-9999人
         
          快速消费品
        "
"
          央视国际网络有限公司
        ",市场营销（财经频道）,"
          9000-12000元
        ","市场推广
市场拓展",市场推广,"
          经验不限
        ","
          本科
        ",北京·海淀·甘家口,"
          国企
         
          1000-9999人
         
          互联网
        "
"
          廊坊宁宇人力资源有限公司
        ",市场营销,"
          1-1.3万·15薪
        ","市场推广
留学生",市场推广,"
          经验不限
        ","
          硕士
        ",廊坊·三河市,"
          民营
         
          300-499人
         
          人力资源服务
        "
"
          惠达卫浴股份有限公司
        ",市场营销管培生,"
          6000-12000元
        ","市场推广
市场策划
整合营销",市场推广,"
          1年以下
        ","
          本科
        ",北京·大兴,"
          股份制企业
         
          1000-9999人
         
          非金属矿物制品业
        "
"
          福建省昌德胶业科技有限公司
        ",市场营销管培生,"
          6000-10000元
        ",面销/陌拜,面销/陌拜,"
          经验不限
        ","
          大专
        ",温州·鹿城区·南汇街道,"
          民营
         
          100-299人
         
          化学原料/化学制品
        "
"
          江苏协航能源科技有限公司
        ",市场营销管培生,"
          7000-10000元
        ","销售方向
市场营销方向
市场拓展
海外留学",销售方向,"
          经验不限
        ","
          本科
        ",南京·江宁·秣陵,"
          民营
         
          500-999人
         
          电力/水利/热力/燃气
        "
"
          TCL中环能源科技（江苏）有限公司
        ",2026年校园招聘-市场营销类岗位,"
          6000-12000元
        ",,,"
          经验不限
        ","
          本科
        ",苏州·工业园区,"
          民营
         
          1000-9999人
         
          新能源
        "
"
          牧原股份
        ",销售专员/销售代表/销售管培生/市场营销（底薪8K起，转正综合15-40K+，免费住宿等）,"
          1.5-3万
        ","市场推广
市场策划
市场拓展
整合营销",市场推广,"
          经验不限
        ","
          本科
        ",周口·川汇区·许湾街道,"
          上市公司
         
          10000人以上
         
          农/林/牧/渔
        "
"
          外企德科
        ",（电商）市场营销策划执行-早九晚六-面试定薪,"
          1-1.3万·14薪
        ","活动策划
市场策划
营销策划
展会策划
行业沙龙",活动策划,"
          经验不限
        ","
          本科
        ",深圳·南山·粤海,"
          合资
         
          10000人以上
         
          人力资源服务
        "
"
          苏州凯市聚国际贸易有限公司
        ",市场营销（包住宿/带薪培训/晋升快）,"
          8000-16000元
        ","市场推广
市场策划
市场拓展
品牌营销",市场推广,"
          经验不限
        ","
          学历不限
        ",苏州·姑苏·苏锦,"
          民营
         
          20-99人
         
          零售/批发
        "
"
          中粮可口可乐饮料(四川)有限公司
        ",潜翔计划-市场营销-市场方向,"
          6000-8000元·13薪
        ",,,"
          经验不限
        ","
          本科
        ",成都·金牛·抚琴,"
          国企
         
          1000-9999人
         
          快速消费品
        "
"
          中国电子技术标准化研究院((工业和信息化部电子工业标准化研究院)(工业和信息化部电子第四研究院))
        ",集成电路检测市场营销,"
          8000-12000元
        ","市场推广
市场策划
市场拓展
品牌营销",市场推广,"
          经验不限
        ","
          本科
        ",北京·通州·马驹桥,"
          事业单位
         
          500-999人
         
          科学技术推广
        "
"
          中粮可口可乐
        ",潜翔计划-市场营销-销售方向,"
          面议
        ","大学英语四级
大学英语六级
销售方向
市场营销方向",大学英语四级,"
          经验不限
        ","
          本科
        ",西安·未央·张家堡,"
          合资
         
          10000人以上
         
          快速消费品
        "
"
          正大食品(东营)有限公司
        ",市场营销专员,"
          8000-12000元
        ",农牧销售,农牧销售,"
          经验不限
        ","
          本科
        ",东营·垦利区·黄河口镇,"
          外商独资
         
          10000人以上
         
          农/林/牧/渔
        "
"
          中建科工集团智慧停车科技有限公司
        ",储能市场营销,"
          1.3-2.6万
        ","整合营销
储能推广",整合营销,"
          1-3年
        ","
          大专
        ",深圳·宝安·福海,"
          国企
         
          100-299人
         
          专用设备制造
        "
"
          哈尔滨重型机器有限责任公司
        ",市场营销,"
          4000-8000元
        ","市场开发
商务合作
市场拓展",市场开发,"
          经验不限
        ","
          本科
        ",哈尔滨·香坊·朝阳,"
          国企
         
          100-299人
         
          专用设备制造
        "
"
          河南光灿新能源科技有限公司
        ",市场营销,"
          5000-10000元
        ",,,"
          1-3年
        ","
          大专
        ",郑州·管城·京航,"
          民营
         
          100-299人
         
          新能源
        "
"
          河南文懿信息科技有限公司
        ",【急聘】市场营销总监｜周末双休｜待遇从优,"
          1.2-2万
        ","市场推广
市场策划
市场拓展
品牌营销
整合营销",市场推广,"
          1-3年
        ","
          本科
        ",郑州·金水·祭城路,"
          民营
         
          20-99人
         
          计算机软件
        "
"
          成都倾城唯爱网络科技有限公司
        ",市场营销,"
          5000-9000元
        ","市场拓展
运动类目
TOB销售",市场拓展,"
          经验不限
        ","
          本科
        ",成都·武侯·桂溪,"
          民营
         
          100-299人
         
          电子商务
        "
"
          威海双丰电子集团有限公司
        ",市场营销,"
          8000-10000元
        ",市场推广,市场推广,"
          经验不限
        ","
          本科
        ",青岛·即墨·鳌山卫,"
          民营
         
          500-999人
         
          仪器仪表制造
        "
"
          南京健安医院有限公司
        ",医院市场营销专员,"
          1.5-2万
        ","市场拓展
市场推广
公关营销
整合营销",市场拓展,"
          1-3年
        ","
          大专
        ",南京·江宁·东山,"
          医院
         
          100-299人
         
          医院
        "
"
          浙江佳华精化股份有限公司
        ",市场营销管培生,"
          7000-12000元
        ","高分子材料
市场营销",高分子材料,"
          经验不限
        ","
          本科
        ",绍兴·上虞区·小越街道,"
          民营
         
          100-299人
         
          橡胶和塑料制品
        "
"
          太平人寿保险有限公司广西分公司
        ",太平人寿-广西分公司-市场营销类管培生(J52792),"
          4000-8000元
        ",市场营销方向,市场营销方向,"
          经验不限
        ","
          本科
        ",百色·平果市·马头镇,"
          国企
         
          1000-9999人
         
          保险
        "
"
          吉利控股集团
        ",市场营销,"
          面议
        ","市场营销
市场推广
市场策划
本地资源",市场营销,"
          3-5年
        ","
          本科
        ",贵阳·花溪·孟关,"
          民营
         
          10000人以上
         
          汽车研发/制造
        "
"
          浙江伟星新型建材股份有限公司
        ",市场营销,"
          5000-8000元
        ","市场推广
整合营销",市场推广,"
          经验不限
        ","
          本科
        ",重庆·渝北,"
          上市公司
         
          1000-9999人
         
          建材
        "
"
          万丰航空工业有限公司
        ",市场营销专员,"
          6000-8000元
        ",市场拓展,市场拓展,"
          经验不限
        ","
          本科
        ",青岛·莱西·店埠,"
          外商独资
         
          100-299人
         
          汽车零部件
        "
"
          金友信建筑劳务有限公司
        ",市场营销专员,"
          8000-16000元
        ","市场拓展
公关营销
整合营销
市场推广",市场拓展,"
          经验不限
        ","
          本科
        ",重庆·渝中·石油路,"
          民营
         
          100-299人
         
          建筑设备安装
        "
"
          兖州东方机电有限公司
        ",售后服务、市场营销,"
          5000-8000元
        ","机械设备
电气设备",机械设备,"
          经验不限
        ","
          本科
        ",济宁·邹城市·凫山街道,"
          国企
         
          100-299人
         
          电气机械/电力设备
        "
"
          佛山市享家境界智能家居科技有限公司
        ",市场营销专员（桂城）,"
          6000-8000元
        ","产品推广
市场营销
策划
活动策划
市场推广
制冷
暖通
空调",产品推广,"
          1-3年
        ","
          大专
        ",佛山·南海·桂城,"
          民营
         
          20-99人
         
          家具/家居/家电
        "
"
          天津润丰正通科技有限公司
        ",市场营销,"
          6000-8000元
        ",市场拓展,市场拓展,"
          经验不限
        ","
          本科
        ",天津·滨海新区·寨上,"
          民营
         
          1000-9999人
         
          货运/物流/仓储
        "
"
          金健米业
        ",市场营销,"
          7000-11000元
        ","市场推广
市场拓展
整合营销",市场推广,"
          3-5年
        ","
          大专
        ",长沙·开福·芙蓉北路,"
          国企
         
          1000-9999人
         
          快速消费品
        "
"
          湖北省鑫瑞健康管理有限公司
        ",市场营销,"
          3000-6000元
        ",市场拓展,市场拓展,"
          经验不限
        ","
          高中
        ",黄冈," 
          20人以下
         
          食品/饮料
        "
"
          交信贸易(广州)有限公司
        ",兼职外贸市场营销专员 Part-time Foreign Trade Marketing Specialist,"
          4000-8000元
        ","市场营销
B端客户
跨境电商运营
海外社交平台运营",市场营销,"
          1-3年
        ","
          大专
        ",广州·海珠·南华西,"
          外商独资
         
          20-99人
         
          贸易/进出口
        "
"
          湖南恒业腾飞房地产土地资产评估有限公司
        ",营销助理/市场营销/区域营销/商务助理,"
          1-1.2万
        ","市场拓展
整合营销
沟通能力
市场推广
学习能力",市场拓展,"
          经验不限
        ","
          本科
        ",郴州·北湖区·燕泉街道,"
          民营
         
          100-299人
         
          咨询服务
        "
"
          通号低空智能科技有限公司
        ",市场营销(J10006),"
          8000-16000元
        ","市场推广
市场策划
市场拓展
公关营销
品牌营销
整合营销",市场推广,"
          经验不限
        ","
          本科
        ",北京·丰台·看丹,"
          国企
         
          300-499人
         
          IT服务
        "
"
          江苏飓风环保科技有限公司
        ",市场营销总监,"
          1.5-3万
        ",市场营销,市场营销,"
          1-3年
        ","
          本科
        ",盐城·阜宁县·板湖镇,"
          民营
         
          100-299人
         
          通用设备制造
        "
"
          央视国际网络有限公司
        ",市场营销-上海分公司,"
          6000-10000元
        ","市场拓展
市场推广",市场拓展,"
          经验不限
        ","
          本科
        ",上海·徐汇·龙华,"
          国企
         
          1000-9999人
         
          互联网
        "
"
          安徽鑫科新材料股份有限公司
        ",市场营销专员,"
          6000-10000元·13薪
        ",市场拓展,市场拓展,"
          1-3年
        ","
          本科
        ",绵阳·三台县·潼川镇,"
          上市公司
         
          1000-9999人
         
          金属制品业
        "
"
          江小满城市服务(深圳)有限公司
        ",市场营销,"
          2000元/次
        ","市场推广
市场拓展
品牌营销
公关营销",市场推广,"
          经验不限
        ","
          高中
        ",深圳·光明·凤凰," 
          20-99人
         
          环保
        "
"
          中节能数字科技有限公司
        ",2025/2026年毕业生、管培生（市场营销方向岗位）,"
          8000-15000元·13薪
        ","市场方向
数据业务",市场方向,"
          经验不限
        ","
          本科
        ",石家庄·桥西·东里,"
          国企
         
          1000-9999人
         
          环保
        "
"
          浙江爱旭太阳能科技有限公司
        ",市场营销,"
          1-1.5万·14薪
        ","市场推广
市场策划
品牌营销
市场宣传
报告编写",市场推广,"
          经验不限
        ","
          本科
        ",金华·义乌市·苏溪镇,"
          上市公司
         
          10000人以上
         
          新能源
        "
"
          福建省昌德胶业科技有限公司
        ",市场营销,"
          6000-10000元
        ",市场推广,市场推广,"
          经验不限
        ","
          大专
        ",贵阳·观山湖·金华园,"
          民营
         
          100-299人
         
          化学原料/化学制品
        "
"
          中国平安人寿保险股份有限公司洪州支公司
        ",市场营销,"
          6000-10000元
        ","市场推广
市场拓展",市场推广,"
          经验不限
        ","
          高中
        ",南昌·西湖,"
          股份制企业
         
          500-999人
         
          保险
        "
"
          上海信奥科技有限公司
        ",市场专员/市场营销专员,"
          5000-10000元
        ",,,"
          1-3年
        ","
          大专
        ",上海·松江·小昆山,"
          民营
         
          100-299人
         
          电气机械/电力设备
        "
"
          中国南玻集团股份有限公司
        ",市场营销专员,"
          8000-13000元
        ","市场推广
品牌营销",市场推广,"
          1-3年
        ","
          大专
        ",合肥·蜀山·笔架山,"
          上市公司
         
          10000人以上
         
          非金属矿物制品业
        "
"
          贵州省邮电规划设计院有限公司
        ",市场营销,"
          6000-11000元
        ","电商
团队管理经验
线上营销经验
品牌营销
广告/公关营销
渠道营销
整合营销",电商,"
          3-5年
        ","
          本科
        ",贵阳·南明,"
          国企
         
          300-499人
         
          计算机硬件
        "
"
          中冶交通建设集团有限公司
        ",区域市场营销专员,"
          6000-8000元
        ",,,"
          经验不限
        ","
          本科
        ",北京·海淀·北下关,"
          国企
         
          1000-9999人
         
          工程施工
        "
"
          八马茶业股份有限公司
        ",高级市场营销专员(J10004),"
          8000-12000元·14薪
        ","品牌营销
公关营销",品牌营销,"
          1-3年
        ","
          本科
        ",深圳·罗湖·南湖,"
          民营
         
          1000-9999人
         
          零售/批发
        "
"
          中国电子科技集团公司第二十一研究所
        ",市场营销,"
          6000-9000元
        ","市场营销
市场推广
电机
销售",市场营销,"
          经验不限
        ","
          本科
        ",上海·徐汇·虹梅路,"
          事业单位
         
          500-999人
         
          学术/科研
        "
"
          牧原股份
        ",销售专员/销售代表/销售管培生/市场营销（底薪8K起，转正综合15-40K+，免费住宿等）,"
          1.5-3万
        ","市场推广
市场策划
市场拓展
整合营销",市场推广,"
          经验不限
        ","
          本科
        ",滁州·琅琊区·清流街道,"
          上市公司
         
          10000人以上
         
          农/林/牧/渔
        "
"
          濮阳市万泉化工有限公司
        ",市场营销,"
          8000-15000元
        ",市场营销,市场营销,"
          1-3年
        ","
          大专
        ",濮阳·华龙区·王助镇,"
          民营
         
          100-299人
         
          石油/石化
        "
"
          青岛康大集团
        ",实验动物销售经理（苏州）（动医/动科/动药/畜牧/生物科技/市场营销等专业）,"
          8000-16000元
        ",,,"
          经验不限
        ","
          大专
        ",苏州·工业园区,"
          上市公司
         
          1000-9999人
         
          零售/批发
        "
"
          中铁联合国际集装箱有限公司
        ",市场营销员,"
          6000-8000元
        ",,,"
          经验不限
        ","
          本科
        ",北京·丰台·太平桥,"
          合资
         
          1000-9999人
         
          客运服务
        "
"
          仲景食品股份有限公司
        ",市场营销专员,"
          1-2万
        ","市场推广
市场策划
市场拓展
整合营销",市场推广,"
          1-3年
        ","
          本科
        ",南阳·宛城区·新店乡,"
          上市公司
         
          1000-9999人
         
          快速消费品
        "
"
          埃吉斯(陕西)企业管理咨询有限公司
        ",市场营销,"
          1-2万
        ",市场推广,市场推广,"
          3-5年
        ","
          学历不限
        ",西安·曲江,"
          外商独资
         
          20-99人
         
          咨询服务
        "
"
          太平人寿保险有限公司广西分公司
        ",太平人寿-广西分公司-市场营销类管培生(J52792),"
          4000-8000元
        ",市场营销方向,市场营销方向,"
          经验不限
        ","
          本科
        ",南宁·良庆·良庆镇,"
          国企
         
          1000-9999人
         
          保险
        "
"
          烟台东星磁性材料股份有限公司
        ",市场营销（日语方向）,"
          5000-10000元
        ",汽车,汽车,"
          1年以下
        ","
          本科
        ",烟台·福山·福新,"
          合资
         
          1000-9999人
         
          金属制品业
        "
"
          厦门联合物流有限公司
        ",市场营销经理（底薪高+双休）,"
          9000-15000元
        ","航运险
保险销售经验",航运险,"
          经验不限
        ","
          本科
        ",深圳·福田·莲花,"
          民营
         
          100-299人
         
          货运/物流/仓储
        "
"
          盛大生物
        ",市场营销管培生+6000无责底薪+六险一金,"
          6000-8000元·13薪
        ",,,"
          经验不限
        ","
          本科
        ",武汉·江夏·佛祖岭,"
          民营
         
          100-299人
         
          农/林/牧/渔
        "
"
          南京海鲸药业股份有限公司
        ",市场营销管培生,"
          5000-8000元
        ","销售方向
市场营销方向",销售方向,"
          经验不限
        ","
          本科
        ",南京·浦口·沿江,"
          股份制企业
         
          500-999人
         
          医药制造
        "
"
          鼎韬科技
        ",市场营销专员,"
          6000-8000元
        ","市场营销
市场推广
电子商务
活动执行",市场营销,"
          经验不限
        ","
          大专
        ",天津·河东·大直沽,"
          民营
         
          20-99人
         
          咨询服务
        "
"
          西安奥克自动化仪表有限公司
        ",市场营销经理,"
          8000-10000元
        ","市场销售
销售经验",市场销售,"
          经验不限
        ","
          本科
        ",西安·未央·张家堡,"
          民营
         
          20-99人
         
          仪器仪表制造
        "
"
          卓曜(深圳)科技有限公司
        ",市场营销助理,"
          8000-15000元
        ","品牌营销
渠道营销",品牌营销,"
          经验不限
        ","
          本科
        ",北京·海淀·八里庄,"
          民营
         
          20-99人
         
          电子设备制造
        "
"
          深圳市艾晨数字能源有限公司
        ",海外市场营销专员,"
          8000-15000元
        ","网站
海外SEO/SEM投放
流量运营
B端客户",网站,"
          1-3年
        ","
          本科
        ",深圳·光明·凤凰,"
          民营
         
          100-299人
         
          新能源
        "
"
          柳州市卓纲广告传媒有限公司
        ",市场营销,"
          6000-12000元
        ","市场推广
市场策划
市场拓展
整合营销",市场推广,"
          经验不限
        ","
          大专
        ",柳州·城中区·静兰街道," 
          20-99人
         
          广告/营销
        "
"
          温州悦阳健康科技有限公司
        ",市场营销,"
          6000-10000元
        ","整合营销
品牌营销
公关营销
市场推广
市场拓展
面销
直销
快销",整合营销,"
          经验不限
        ","
          学历不限
        ",温州·鹿城区·南汇街道," 
          20-99人
         
          医疗设备/器械
        "
"
          沃德税务师事务所(内蒙古)集团有限公司
        ",电话销售、市场营销专员,"
          6000-12000元
        ","企业客户
财税服务咨询
电话销售沟通
客户需求匹配",企业客户,"
          经验不限
        ","
          大专
        ",呼和浩特·新城·东风路,"
          股份制企业
         
          100-299人
         
          财务/审计/税务
        "
"
          益客集团
        ",市场营销类(J10304),"
          6000-10000元
        ","市场推广
销售",市场推广,"
          1年以下
        ","
          本科
        ",泰安·新泰市·汶南镇,"
          上市公司
         
          10000人以上
         
          快速消费品
        "
"
          山东华特磁电集团股份有限公司
        ",海外市场营销运营,"
          6000-10000元
        ","海外SEO/SEM投放
海外社交媒体投放",海外SEO/SEM投放,"
          1-3年
        ","
          大专
        ",青岛·崂山·中韩,"
          民营
         
          500-999人
         
          电气机械/电力设备
        "
"
          杭州精锋园林工具有限公司
        ",市场营销专员,"
          5000-10000元
        ","市场推广
市场策划
品牌营销",市场推广,"
          经验不限
        ","
          大专
        ",杭州·桐庐·凤川,"
          民营
         
          500-999人
         
          金属制品业
        "
"
          禾丰食品股份有限公司
        ",市场营销管培生,"
          6000-10000元
        ","市场营销方向
应届毕业生
无经验",市场营销方向,"
          经验不限
        ","
          本科
        ",沈阳·沈北·辉山,"
          上市公司
         
          10000人以上
         
          农副产品加工制造
        "
"
          长春亚大汽车零件制造有限公司成都分公司
        ",市场管培生/市场营销/销售/大客户经理,"
          7000-9000元·13薪
        ","区域销售
储能",区域销售,"
          经验不限
        ","
          本科
        ",成都·双流·黄甲,"
          合资
         
          100-299人
         
          汽车零部件
        "
"
          中国汽车技术研究中心有限公司
        ",市场营销岗,"
          面议
        ","客户维护
业务对接",客户维护,"
          经验不限
        ","
          本科
        ",合肥·蜀山·新产业园,"
          国企
         
          1000-9999人
         
          汽车研发/制造
        "
"
          达州诺德商贸有限责任公司
        ",市场营销,"
          3000-6000元
        ",市场推广,市场推广,"
          1-3年
        ","
          大专
        ",达州·通川区·西城街道," 
          500-999人
         
          美发/美容/保健
        "
"
          浙江伟星商贸有限公司合肥分公司
        ",市场营销（上市公司）,"
          5000-10000元
        ","市场营销
市场推广
市场调研",市场营销,"
          1-3年
        ","
          本科
        ",合肥·包河·骆岗,"
          民营
         
          20-99人
         
          建材
        "
"
          智联猎头
        ",市场营销岗,"
          7000-8000元
        ","市场推广
市场拓展
整合营销",市场推广,"
          经验不限
        ","
          本科
        ",长春·宽城·站前,"
          其它
         
          10000人以上
         
          互联网
        "
"
          天津津准工程勘测有限公司
        ",市场营销,"
          1.3-1.5万
        ","企业客户
政府客户",企业客户,"
          3-5年
        ","
          大专
        ",天津·津南·双港,"
          民营
         
          100-299人
         
          专业技术服务
        "
"
          牧原股份
        ",销售专员/销售代表/销售管培生/市场营销（底薪8K起，转正综合15-40K+，免费住宿等）,"
          1.5-3万
        ","市场推广
市场策划
市场拓展
整合营销",市场推广,"
          经验不限
        ","
          本科
        ",唐山·路北区·翔云道街道,"
          上市公司
         
          10000人以上
         
          农/林/牧/渔
        "
"
          江苏中致建设科技有限公司上海分公司
        ",市场营销管培生,"
          6000-8000元
        ","品牌营销
整合营销
市场推广
市场策划",品牌营销,"
          经验不限
        ","
          本科
        ",上海·青浦·盈浦,"
          民营
         
          100-299人
         
          工程施工
        "
"
          河北创联通信科技有限公司
        ",市场营销,"
          8000-12000元
        ",,,"
          3-5年
        ","
          大专
        ",石家庄·鹿泉·鹿泉经开区,"
          其它
         
          20-99人
         
          电子设备制造
        "
"
          浙江华企信息科技有限公司宁波第一分公司
        ",市场营销专员,"
          1-1.5万
        ",市场推广,市场推广,"
          经验不限
        ","
          大专
        ",宁波·海曙·鼓楼,"
          民营
         
          100-299人
         
          网络/信息安全
        "
"
          美亚百岁康健康产业集团有限公司
        ",市场营销策划,"
          4000-8000元
        ",,,"
          经验不限
        ","
          本科
        ",福州·仓山·盖山,"
          民营
         
          100-299人
         
          卫生服务
        "
"
          东莞市月亮通信科技有限公司
        ",急聘电信销售员•市场营销•双休,"
          9000-15000元
        ","市场推广
市场拓展",市场推广,"
          经验不限
        ","
          学历不限
        ",东莞·莞城街道,"
          其它
         
          20-99人
         
          运营商/增值服务
        "
"
          上海民族乐器一厂有限公司
        ",市场营销专员,"
          8000-15000元
        ","市场拓展
品牌营销",市场拓展,"
          经验不限
        ","
          本科
        ",上海·闵行·七宝,"
          国企
         
          500-999人
         
          电子设备制造
        "
"
          中天控股集团有限公司
        ",市场营销专员,"
          7000-10000元
        ","市场拓展
市场营销",市场拓展,"
          经验不限
        ","
          大专
        ",杭州·滨江·浦沿,"
          民营
         
          10000人以上
         
          工程施工
        "
"
          中科路恒工程设计有限公司
        ",交通工程市场营销经理,"
          8000-15000元·15薪
        ","市场营销
市场推广
市场运营",市场营销,"
          1-3年
        ","
          本科
        ",太原·小店·龙城,"
          股份制企业
         
          300-499人
         
          工程技术与设计服务
        "
"
          外企德科
        ",市场营销（三方）,"
          1-1.5万
        ","市场策划
品牌营销
英文作为工作语言",市场策划,"
          1-3年
        ","
          本科
        ",上海·杨浦·新江湾城,"
          合资
         
          300-499人
         
          人力资源服务
        "
"
          广州小糊涂仙酒业有限公司
        ",市场营销管培生,"
          5000-10000元·13薪
        ","市场营销
策划
营销方向
市场方向
销售方向",市场营销,"
          经验不限
        ","
          本科
        ",杭州·拱墅·祥符,"
          民营
         
          1000-9999人
         
          快速消费品
        "
"
          广东自远环保股份有限公司
        ",市场营销,"
          4000-6000元
        ","合同拟定
市场宣传
市场开发
商务合作
标书制作",合同拟定,"
          经验不限
        ","
          本科
        ",梅州·梅县区·扶大镇,"
          民营
         
          100-299人
         
          环保
        "
"
          吉利控股集团
        ",市场营销,"
          面议
        ","市场营销
市场推广
市场策划
本地资源",市场营销,"
          3-5年
        ","
          本科
        ",成都·武侯·簇锦,"
          民营
         
          10000人以上
         
          汽车研发/制造
        "
"
          上海东欣软件工程有限公司
        ",市场营销员,"
          8000-12000元
        ",销售,销售,"
          经验不限
        ","
          本科
        ",上海·浦东·沪东新村,"
          国企
         
          100-299人
         
          计算机软件
        "
"
          航天无锡健康管理中心
        ",市场营销,"
          7000-14000元
        ","市场拓展
市场推广
公关营销
品牌营销",市场拓展,"
          经验不限
        ","
          本科
        ",无锡·滨湖·雪浪,"
          事业单位
         
          100-299人
         
          卫生服务
        "
"
          四川实度文创旅游发展有限公司
        ",市场营销,"
          5000-10000元
        ","政府客户
广告/公关营销
品牌营销",政府客户,"
          1-3年
        ","
          大专
        ",宜宾·叙州区·赵场街道,"
          民营
         
          20-99人
         
          会议/展览
        "
"
          淄博洁林塑料制管有限公司
        ",市场营销-外贸方向,"
          5000-8000元
        ","自有电商运营经验
海外社交媒体投放
跨境电商运营",自有电商运营经验,"
          1-3年
        ","
          本科
        ",淄博·临淄区·凤凰镇,"
          民营
         
          500-999人
         
          橡胶和塑料制品
        "
"
          湖南湖大华龙电气与信息技术有限公司
        ",电力市场营销,"
          8000-15000元
        ",,,"
          经验不限
        ","
          学历不限
        ",长沙·岳麓·银盆岭,"
          合资
         
          100-299人
         
          IT服务
        "
"
          北京北农绿亨科技发展有限公司
        ",市场营销,"
          6000-12000元
        ",,,"
          经验不限
        ","
          大专
        ",北京·温泉,"
          民营
         
          500-999人
         
          农/林/牧/渔
        "
"
          南京市宁信盈食品有限责任公司
        ",市场营销专员,"
          6000-8000元·13薪
        ","市场推广
品牌营销
市场拓展
市场策划",市场推广,"
          1-3年
        ","
          大专
        ",南京·江宁·秣陵,"
          民营
         
          500-999人
         
          食品/饮料
        "
