数据来源文件,公司名称,岗位名称,原始薪资,最低薪资元每月,最高薪资元每月,平均薪资元每月,关键词,标签,经验要求,学历要求,原始工作地点,标准工作地点,城市,区县,商圈乡镇,公司性质,公司规模,公司行业
业务运营.csv,京东集团,家政业务运营,7000-13000元·13薪,7583.33,14083.33,10833.33,未知,未知,经验不限,大专,北京·通州·台湖,北京·通州·台湖,北京,通州,台湖,合资,10000人以上,互联网
业务运营.csv,西藏楷博电子商务有限公司,美团业务经理（林芝）,8000-10000元·13薪,8666.67,10833.33,9750.0,未知,未知,经验不限,大专,林芝·巴宜区·八一镇,林芝·巴宜区·八一镇,林芝,巴宜区,八一镇,民营,1000-9999人,互联网
业务运营.csv,拼多多,26届运营管培生（区域业务）,8000-12000元,8000.0,12000.0,10000.0,运营方向、社区运营、电商运营,运营方向,经验不限,本科,成都·青白江,成都·青白江,成都,青白江,未知,民营,1000-9999人,互联网
业务运营.csv,深圳市优你家互联网科技有限公司,零售业务运营岗(J14927),8000-13000元·13薪,8666.67,14083.33,11375.0,产品运营、商家管理、多种经营、增值业务、地区管理、业务运营、活动策划,产品运营,1-3年,本科,深圳·南山·粤海,深圳·南山·粤海,深圳,南山,粤海,国企,500-999人,互联网
业务运营.csv,国金证券,国金涌富-半导体业务运营岗（关联公司）(J16385),9000-18000元·16薪,12000.0,24000.0,18000.0,金融运营、业务运营,金融运营,经验不限,本科,上海·浦东·花木,上海·浦东·花木,上海,浦东,花木,股份制企业,1000-9999人,证券/期货
业务运营.csv,百纳未来(北京)科技发展有限公司,产品运营专员（百纳未来支付业务线）,6000-12000元,6000.0,12000.0,9000.0,B端用户、财务系统、运营、产品运营、总经理助理,B端用户,经验不限,本科,北京·朝阳·建外,北京·朝阳·建外,北京,朝阳,建外,股份制企业,100-299人,互联网
业务运营.csv,中旅(北京)冰雪体育发展有限公司,运营业务岗,8000-12000元,8000.0,12000.0,10000.0,未知,未知,经验不限,本科,北京·朝阳·麦子店,北京·朝阳·麦子店,北京,朝阳,麦子店,国企,300-499人,体育
业务运营.csv,福建省永遇乐信息科技有限公司,业务运营,7000-10000元,7000.0,10000.0,8500.0,业务规划、调研分析、运营商,业务规划,1-3年,大专,福州·鼓楼·鼓东,福州·鼓楼·鼓东,福州,鼓楼,鼓东,民营,100-299人,计算机软件
业务运营.csv,青岛华瀚国际物流有限公司,海外社媒运营,5000-10000元·13薪,5416.67,10833.33,8125.0,英语、海外推广、Google、Facebook、YouTube、TikTok,英语,经验不限,大专,青岛·市南·湛山,青岛·市南·湛山,青岛,市南,湛山,民营,20-99人,货运/物流/仓储
业务运营.csv,中通快递,客户运营专员(J16751),8000-10000元,8000.0,10000.0,9000.0,客户对接、业务运营,客户对接,1-3年,大专,上海·青浦·华新,上海·青浦·华新,上海,青浦,华新,股份制企业,10000人以上,邮政/快递
业务运营.csv,佛山市顺德区容桂控股集团有限公司,业务运营岗,7000-8000元,7000.0,8000.0,7500.0,产品运营,产品运营,经验不限,本科,佛山·顺德·容桂,佛山·顺德·容桂,佛山,顺德,容桂,国企,20-99人,租赁服务
业务运营.csv,湖南桃花江竹材科技股份有限公司,产品运营（C端/新业务方向）,1-1.5万,10000.0,15000.0,12500.0,用研项目经验、推进协同、爆款产品、C端用户、平台类产品、电商类产品、产品迭代、用户增长,用研项目经验,3-5年,本科,长沙·岳麓·洋湖,长沙·岳麓·洋湖,长沙,岳麓,洋湖,股份制企业,500-999人,新材料
业务运营.csv,中铁建电子商务(天津)有限公司,业务运营,8000-15000元,8000.0,15000.0,11500.0,电商平台、内容运营,电商平台,3-5年,本科,保定·雄县·昝岗,保定·雄县·昝岗,保定,雄县,昝岗,100-299人,互联网,未知
业务运营.csv,成都拾月壹电子科技有限公司,业务运营（底薪6K+内部晋升+可提供住宿）,6000-12000元,6000.0,12000.0,9000.0,运营管理、业务运营、渠道销售、会销、toC,运营管理,经验不限,大专,成都·金牛·荷花池,成都·金牛·荷花池,成都,金牛,荷花池,股份制企业,100-299人,互联网
业务运营.csv,新网银行,业务运营岗,8000-15000元,8000.0,15000.0,11500.0,产品运营、用户运营,产品运营,1-3年,本科,成都·武侯·桂溪,成都·武侯·桂溪,成都,武侯,桂溪,民营,500-999人,银行
业务运营.csv,安利（中国）日用品有限公司,业务助理（社群运营）,8000-9000元·13薪,8666.67,9750.0,9208.33,社群运营，活动策划,社群运营，活动策划,经验不限,本科,常州·天宁·兰陵,常州·天宁·兰陵,常州,天宁,兰陵,外商独资,1000-9999人,快速消费品
业务运营.csv,宁夏超睿科技有限公司,业务员,4000-8000元,4000.0,8000.0,6000.0,产品运营、用户运营、数据运营,产品运营,经验不限,大专,银川·金凤区·上海西路街道,银川·金凤区·上海西路街道,银川,金凤区,上海西路街道,民营,20人以下,物联网
业务运营.csv,贵州晓洼通讯有限公司,联通业务运营,4000-8000元,4000.0,8000.0,6000.0,未知,未知,经验不限,大专,遵义·汇川区·大连路街道,遵义·汇川区·大连路街道,遵义,汇川区,大连路街道,国企,20-99人,通信/网络设备
业务运营.csv,深圳南区人瑞人力资源服务有限公司,业务运营,1-1.2万,10000.0,12000.0,11000.0,SQL,SQL,经验不限,大专,上海·杨浦·大桥,上海·杨浦·大桥,上海,杨浦,大桥,上市公司,500-999人,企业服务
业务运营.csv,山东瑞朗医药股份有限公司,商超门店运营业务,5000-6000元,5000.0,6000.0,5500.0,商场、超市、门店销售、企业客户,商场,经验不限,大专,青岛·李沧·九水,青岛·李沧·九水,青岛,李沧,九水,股份制企业,100-299人,医药批发/零售
业务运营.csv,郑州百壹源信息科技有限公司,6000+产品运营+提供住宿+接受实习生,6000-10000元,6000.0,10000.0,8000.0,接受小白、免费住宿、学习能力强,接受小白,经验不限,学历不限,郑州·金水·祭城路,郑州·金水·祭城路,郑州,金水,祭城路,民营,100-299人,快速消费品
业务运营.csv,京东集团,家政业务运营,7000-13000元·13薪,7583.33,14083.33,10833.33,未知,未知,经验不限,大专,广州·天河·长兴,广州·天河·长兴,广州,天河,长兴,合资,10000人以上,互联网
业务运营.csv,金蝶软件（中国）有限公司,业务流程运营,8000-16000元,8000.0,16000.0,12000.0,数据运营、销售运营、运营管理、流程梳理,数据运营,1-3年,本科,深圳·南山·粤海,深圳·南山·粤海,深圳,南山,粤海,上市公司,1000-9999人,计算机软件
业务运营.csv,河北雄安建方房屋租赁管理有限公司,业务运营内业,6000-9000元,6000.0,9000.0,7500.0,运营管理、销售运营、市场运营,运营管理,1-3年,大专,保定·容城·八于,保定·容城·八于,保定,容城,八于,合资,100-299人,租赁服务
业务运营.csv,中科创达软件股份有限公司,产品运营（业务对接及产品推广）,1.5-2.2万,15000.0,22000.0,18500.0,未知,未知,3-5年,本科,北京·顺义·高丽营,北京·顺义·高丽营,北京,顺义,高丽营,合资,1000-9999人,计算机软件
业务运营.csv,广东阿尔创通信技术股份有限公司,业务运营（广州）,9000-11000元,9000.0,11000.0,10000.0,B端用户、C端用户,B端用户,3-5年,本科,广州·天河·新塘,广州·天河·新塘,广州,天河,新塘,股份制企业,100-299人,运营商/增值服务
业务运营.csv,天津西瓜旅游有限责任公司,美团酒店业务-正编运营六险一金7-12K双休,7000-12000元·13薪,7583.33,13000.0,10291.67,酒店/民宿、小B、大B、商家销售支持、商家BD、商家日常服务,酒店/民宿,经验不限,大专,肇庆·端州区·城东街道,肇庆·端州区·城东街道,肇庆,端州区,城东街道,民营,1000-9999人,互联网
业务运营.csv,青岛易链供应链服务有限公司,业务运营,1-2万,10000.0,20000.0,15000.0,电话销售、渠道销售、toB、toG、toC、外贸销售、主管、跨部门沟通协调、数据分析与优化、供应链运营管理,电话销售,3-5年,本科,青岛·市南·湛山,青岛·市南·湛山,青岛,市南,湛山,民营,100-299人,互联网
业务运营.csv,伊利,成人营养品数字化运营中心数字化业务运营助理经理,1.5-2.5万,15000.0,25000.0,20000.0,市场数据分析、增长运营,市场数据分析,1-3年,本科,北京·丰台·看丹,北京·丰台·看丹,北京,丰台,看丹,股份制企业,10000人以上,快速消费品
业务运营.csv,韶关市括弧课外培训有限公司,业务运营专员5-10K（J10813）,5000-10000元,5000.0,10000.0,7500.0,运营专员、课程推广、课程销售运营、销售运营、课程运营、全职、用户运营、社群运营、产品运营、班主任/学管,运营专员,经验不限,大专,韶关·武江区·惠民街道,韶关·武江区·惠民街道,韶关,武江区,惠民街道,民营,100-299人,培训/辅导服务
业务运营.csv,作业帮,业务支持（重庆极星）,8000-15000元,8000.0,15000.0,11500.0,未知,未知,经验不限,本科,重庆·渝中·化龙桥,重庆·渝中·化龙桥,重庆,渝中,化龙桥,民营,10000人以上,互联网
业务运营.csv,北京摩湃得科技有限公司,产品运营经理【远程实习】,200-250元/天,4400.0,5500.0,4950.0,C端用户、社交类产品、工具类产品、产品迭代、用户增长、活动策划,C端用户,经验不限,本科,北京·丰台·花乡,北京·丰台·花乡,北京,丰台,花乡,其它,20人以下,互联网
业务运营.csv,新国都,产品运营 (MJ001474),3.5-4万·14薪,40833.33,46666.67,43750.0,B端用户、C端用户、项目型产品、电商类产品、用户增长、跨境支付、产品运营,B端用户,5-10年,本科,深圳·南山·粤海,深圳·南山·粤海,深圳,南山,粤海,上市公司,1000-9999人,智能硬件
业务运营.csv,腾讯瑞德铭(重庆)科技发展有限公司,业务知识运营-腾讯运营子公司XA（合肥）,8000-10000元,8000.0,10000.0,9000.0,报告撰写、分析、标准,报告撰写,经验不限,本科,合肥·蜀山·南岗,合肥·蜀山·南岗,合肥,蜀山,南岗,上市公司,10000人以上,互联网
业务运营.csv,北京中保国信集团有限公司,消金业务运营经理,6000-12000元,6000.0,12000.0,9000.0,toB、销售运营,toB,3-5年,本科,北京·朝阳·左家庄,北京·朝阳·左家庄,北京,朝阳,左家庄,其它,100-299人,租赁/拍卖/典当/担保
业务运营.csv,成都万联易达供应链管理有限公司,业务运营岗,6000-8000元,6000.0,8000.0,7000.0,未知,未知,3-5年,本科,成都·青羊·光华,成都·青羊·光华,成都,青羊,光华,股份制企业,1000-9999人,货运/物流/仓储
业务运营.csv,西藏楷博电子商务有限公司,美团业务经理（山南）,8000-10000元,8000.0,10000.0,9000.0,外卖,外卖,1-3年,大专,山南·乃东区·泽当街道,山南·乃东区·泽当街道,山南,乃东区,泽当街道,民营,1000-9999人,互联网
业务运营.csv,上海邦芒人力资源有限公司,业务流程运营,1-1.5万,10000.0,15000.0,12500.0,电话销售、toC,电话销售,5-10年,大专,杭州·萧山·盈丰,杭州·萧山·盈丰,杭州,萧山,盈丰,民营,500-999人,人力资源服务
业务运营.csv,外企德科,10K+国际业务中台运营/业务运营/项目专员,1-1.2万,10000.0,12000.0,11000.0,中台运营、业务运营、项目专员,中台运营,经验不限,本科,杭州·西湖·转塘,杭州·西湖·转塘,杭州,西湖,转塘,合资,10000人以上,人力资源服务
业务运营.csv,上海城建城市运营(集团)有限公司,数字化运营,1.3-1.5万,13000.0,15000.0,14000.0,数据采集、行业数据分析,数据采集,经验不限,硕士,上海·黄浦·五里桥,上海·黄浦·五里桥,上海,黄浦,五里桥,国企,1000-9999人,土地与公共设施管理
业务运营.csv,中铁建电子商务(天津)有限公司,业务运营,8000-15000元,8000.0,15000.0,11500.0,电商平台、内容运营,电商平台,3-5年,本科,北京·石景山·八宝山,北京·石景山·八宝山,北京,石景山,八宝山,100-299人,互联网,未知
业务运营.csv,福建浩达智能科技股份有限公司,集团业务运营助理,4000-7000元,4000.0,7000.0,5500.0,综合性运营,综合性运营,1-3年,大专,福州·闽侯·南屿,福州·闽侯·南屿,福州,闽侯,南屿,股份制企业,20-99人,环保
业务运营.csv,京东集团,家政业务运营,7000-13000元·13薪,7583.33,14083.33,10833.33,未知,未知,经验不限,大专,上海·杨浦·江浦路,上海·杨浦·江浦路,上海,杨浦,江浦路,合资,10000人以上,互联网
业务运营.csv,辰驰电子商务有限公司,数据运营,5000-6000元,5000.0,6000.0,5500.0,市场数据分析,市场数据分析,经验不限,大专,南阳·宛城区·仲景街道,南阳·宛城区·仲景街道,南阳,宛城区,仲景街道,民营,100-299人,电子商务
业务运营.csv,江苏国信集团,生产运营部业务管理岗,面议,未知,未知,未知,未知,未知,经验不限,硕士,南京,南京,南京,未知,未知,国企,10000人以上,信托
业务运营.csv,北京三快在线科技有限公司,无人车业务部-地图制图及运营,面议,未知,未知,未知,未知,未知,经验不限,本科,北京·朝阳·东湖,北京·朝阳·东湖,北京,朝阳,东湖,上市公司,10000人以上,互联网
业务运营.csv,深圳奉天成科技有限公司,跨境电商运营助理tiktok/OZON/美客多/NOON/速卖通/业务员/业务员,5000-10000元,5000.0,10000.0,7500.0,TikTok、ozon、速卖通,TikTok,经验不限,大专,恩施·恩施市·小渡船街道,恩施·恩施市·小渡船街道,恩施,恩施市,小渡船街道,民营,20-99人,贸易/进出口
业务运营.csv,中国外运股份有限公司,外运华南-业务培训生（运营方向）（2026届春招）(J29588),9000-10000元·14薪,10500.0,11666.67,11083.33,管理培训生、央企,管理培训生,经验不限,本科,广州·黄埔·黄埔街道,广州·黄埔·黄埔街道,广州,黄埔,黄埔街道,上市公司,1000-9999人,客运服务
业务运营.csv,中联重科,业务运营专员,8000-12000元·13薪,8666.67,13000.0,10833.33,销售运营,销售运营,1-3年,本科,长沙·望城·雷锋,长沙·望城·雷锋,长沙,望城,雷锋,合资,10000人以上,电气机械/电力设备
业务运营.csv,河北彩鑫网络科技有限公司,市场业务负责人,4000-6000元,4000.0,6000.0,5000.0,业务员、商家BD,业务员,经验不限,学历不限,邯郸·丛台区·丛台东街道,邯郸·丛台区·丛台东街道,邯郸,丛台区,丛台东街道,民营,1000-9999人,餐饮服务
业务运营.csv,深圳市恒双展业科技有限公司,业务运营,6000-8000元,6000.0,8000.0,7000.0,未知,未知,1-3年,本科,深圳·龙岗·龙城,深圳·龙岗·龙城,深圳,龙岗,龙城,股份制企业,100-299人,计算机软件
业务运营.csv,贵州晓洼通讯有限公司,业务助理,4000-6000元,4000.0,6000.0,5000.0,未知,未知,经验不限,大专,遵义·汇川区·大连路街道,遵义·汇川区·大连路街道,遵义,汇川区,大连路街道,国企,20-99人,通信/网络设备
业务运营.csv,伊利,酸奶销售部KA组会员系统业务单元用户运营主管,1-1.5万,10000.0,15000.0,12500.0,会员体系搭建经验、B端用户、电商平台、用户增长、会员体系、社群运营,会员体系搭建经验,1-3年,本科,北京·丰台·看丹,北京·丰台·看丹,北京,丰台,看丹,股份制企业,10000人以上,快速消费品
业务运营.csv,青岛易链供应链服务有限公司,业务运营,1.1-2万,11000.0,20000.0,15500.0,toB,toB,经验不限,本科,青岛·市南·湛山,青岛·市南·湛山,青岛,市南,湛山,民营,100-299人,互联网
业务运营.csv,京源中科科技股份有限公司,运营（南安市云智领创科技有限公司）,5000-8000元,5000.0,8000.0,6500.0,业务运营,业务运营,1-3年,大专,泉州·南安市·美林街道,泉州·南安市·美林街道,泉州,南安市,美林街道,民营,100-299人,仪器仪表制造
业务运营.csv,天津西瓜旅游有限责任公司,美团酒店业务-正编运营六险一金7-12K双休,7000-12000元·13薪,7583.33,13000.0,10291.67,酒店/民宿、小B、大B、商家销售支持、商家BD、商家日常服务,酒店/民宿,经验不限,大专,茂名·茂南区·站前街道,茂名·茂南区·站前街道,茂名,茂南区,站前街道,民营,1000-9999人,互联网
业务运营.csv,博腾制药,业务运营主管(J11912),1-1.5万,10000.0,15000.0,12500.0,未知,未知,经验不限,本科,上海·闵行·江川路,上海·闵行·江川路,上海,闵行,江川路,上市公司,1000-9999人,医药制造
业务运营.csv,成都拾月壹电子科技有限公司,业务运营助理（底薪6600+提成+奖金）,7000-9000元,7000.0,9000.0,8000.0,toB、toC、沟通表达能力、市场营销能力、管理能力、面销,toB,经验不限,大专,成都·金牛·荷花池,成都·金牛·荷花池,成都,金牛,荷花池,股份制企业,100-299人,互联网
业务运营.csv,金蝶软件（中国）有限公司,业务流程运营,8000-16000元,8000.0,16000.0,12000.0,数据运营、销售运营、运营管理、流程梳理,数据运营,1-3年,本科,长沙·岳麓·天顶,长沙·岳麓·天顶,长沙,岳麓,天顶,上市公司,1000-9999人,计算机软件
业务运营.csv,湖南为华企业管理有限公司,业务运营经理,8000-12000元,8000.0,12000.0,10000.0,销售运营,销售运营,3-5年,学历不限,长沙·开福·新河,长沙·开福·新河,长沙,开福,新河,民营,100-299人,咨询服务
业务运营.csv,彩讯科技股份有限公司,电子渠道业务运营,5000-7000元,5000.0,7000.0,6000.0,平台运营经验、运营商业务运营经验、C端用户、平台配置、业务支撑,平台运营经验,1-3年,本科,昆明·西山·前卫,昆明·西山·前卫,昆明,西山,前卫,上市公司,1000-9999人,计算机软件
业务运营.csv,华润医药商业,中药专项项目运营专员-K2982O,1-1.3万,10000.0,13000.0,11500.0,中药饮片,中药饮片,经验不限,学历不限,北京·西城·新街口,北京·西城·新街口,北京,西城,新街口,国企,10000人以上,医药批发/零售
业务运营.csv,中安嘉泰建设工程有限公司,运营/业务员,2000-4000元,2000.0,4000.0,3000.0,未知,未知,1-3年,学历不限,包头·昆都仑区·团结大街街道,包头·昆都仑区·团结大街街道,包头,昆都仑区,团结大街街道,20-99人,工程施工,未知
业务运营.csv,京东集团,家政业务运营,7000-13000元·13薪,7583.33,14083.33,10833.33,未知,未知,经验不限,大专,成都·武侯·簇桥,成都·武侯·簇桥,成都,武侯,簇桥,合资,10000人以上,互联网
业务运营.csv,河南诚猎人力资源有限公司,云服务业务运营助理,8000-10000元,8000.0,10000.0,9000.0,数据分析,数据分析,3-5年,本科,郑州·金水·祭城路,郑州·金水·祭城路,郑州,金水,祭城路,民营,20-99人,人力资源服务
业务运营.csv,新网银行,个人存款业务运营岗,8000-15000元,8000.0,15000.0,11500.0,未知,未知,3-5年,本科,成都·武侯·桂溪,成都·武侯·桂溪,成都,武侯,桂溪,民营,500-999人,银行
业务运营.csv,南京证券,产品运营岗（零售业务部）(J11092),1.5-2.5万,15000.0,25000.0,20000.0,证券从业资格,证券从业资格,3-5年,硕士,南京·建邺·沙洲,南京·建邺·沙洲,南京,建邺,沙洲,股份制企业,1000-9999人,证券/期货
业务运营.csv,河北莫菲鱼婴幼儿服饰有限公司,鞋品业务线运营经理,8000-10000元,8000.0,10000.0,9000.0,母婴玩具、服饰/鞋帽/箱包、生活服务类,母婴玩具,3-5年,本科,杭州·滨江·长河,杭州·滨江·长河,杭州,滨江,长河,民营,1000-9999人,服装/纺织/皮革
业务运营.csv,汕头市华越建材科技有限公司,业务运营支持,5000-6000元,5000.0,6000.0,5500.0,销售数据分析,销售数据分析,1-3年,大专,佛山·三水·云东海,佛山·三水·云东海,佛山,三水,云东海,国企,20-99人,建材
业务运营.csv,中国人民健康保险股份有限公司深圳分公司,销售支持岗-2026届校招(J73589),6000-9000元·18薪,9000.0,13500.0,11250.0,保险项目策划、内容运营、文书支持,保险项目策划,经验不限,本科,深圳·罗湖·笋岗,深圳·罗湖·笋岗,深圳,罗湖,笋岗,国企,300-499人,保险
业务运营.csv,深圳市优你家互联网科技有限公司,到家业务运营岗(J11550),9000-13000元,9000.0,13000.0,11000.0,社区平台、社群运营、用户增长、平台策略、会员体系,社区平台,3-5年,本科,深圳·南山·粤海,深圳·南山·粤海,深圳,南山,粤海,国企,500-999人,互联网
业务运营.csv,软通动力信息技术(集团)股份有限公司,业务运营（广州）,8000-10000元,8000.0,10000.0,9000.0,未知,未知,3-5年,本科,广州·天河·猎德,广州·天河·猎德,广州,天河,猎德,上市公司,10000人以上,互联网
业务运营.csv,乖宝宠物食品集团股份有限公司,销售运营支持（业务向）,9000-12000元,9000.0,12000.0,10500.0,销售数据分析,销售数据分析,1-3年,本科,北京·通州·新华,北京·通州·新华,北京,通州,新华,股份制企业,1000-9999人,快速消费品
业务运营.csv,四川诚盈达信息科技有限公司,淘宝闪购 外卖业务经理,5000-8000元,5000.0,8000.0,6500.0,未知,未知,经验不限,大专,自贡·自流井区·丹桂街道,自贡·自流井区·丹桂街道,自贡,自流井区,丹桂街道,民营,1000-9999人,搬家/生活配送
业务运营.csv,北京摩湃得科技有限公司,产品运营（实习生）,140-190元/天,3080.0,4180.0,3630.0,C端用户、社交类产品、用户同理心强,C端用户,经验不限,本科,北京·丰台·花乡,北京·丰台·花乡,北京,丰台,花乡,其它,20人以下,互联网
业务运营.csv,思达威(北京)科技有限公司,业务运营,8000-12000元,8000.0,12000.0,10000.0,未知,未知,1-3年,本科,北京·朝阳·大屯,北京·朝阳·大屯,北京,朝阳,大屯,民营,100-299人,新材料
业务运营.csv,宁波渠成集团有限公司,管培生（业务/产品/跨境运营方向，年薪15-25万）,1.3-2万,13000.0,20000.0,16500.0,大学英语六级,大学英语六级,1-3年,本科,宁波·鄞州·首南,宁波·鄞州·首南,宁波,鄞州,首南,民营,500-999人,贸易/进出口
业务运营.csv,新力通,业务管理专员,6000-8000元,6000.0,8000.0,7000.0,toB,toB,1-3年,本科,青岛·平度·同和,青岛·平度·同和,青岛,平度,同和,上市公司,500-999人,电气机械/电力设备
业务运营.csv,浙江中通文博服务有限公司,驻地运营专员,8000-9000元,8000.0,9000.0,8500.0,未知,未知,3-5年,大专,长沙·芙蓉·湘湖,长沙·芙蓉·湘湖,长沙,芙蓉,湘湖,合资,20-99人,人力资源服务
业务运营.csv,麦斯特人力资源有限公司厦门分公司,业务运营专员/ 金水区,6000-8000元,6000.0,8000.0,7000.0,未知,未知,1-3年,本科,郑州·金水·丰产路,郑州·金水·丰产路,郑州,金水,丰产路,民营,1000-9999人,人力资源服务
业务运营.csv,华数传媒,业务运营经理SY2603,6000-8000元·16薪,8000.0,10666.67,9333.33,未知,未知,1-3年,本科,沈阳·和平·南湖,沈阳·和平·南湖,沈阳,和平,南湖,国企,10000人以上,互联网
业务运营.csv,丰巢网络技术有限公司,业务中台/销售运营（重庆）,9000-14000元,9000.0,14000.0,11500.0,销售运营、业务中台非销售岗,销售运营,3-5年,本科,重庆·渝北,重庆·渝北,重庆,渝北,未知,民营,1000-9999人,互联网
业务运营.csv,科讯嘉联,业务运营（北京）,1-1.6万,10000.0,16000.0,13000.0,用研项目经验、B端用户、C端用户、项目型产品,用研项目经验,1-3年,本科,北京·朝阳·和平街,北京·朝阳·和平街,北京,朝阳,和平街,股份制企业,300-499人,互联网
业务运营.csv,顶呱呱,销售运营/bp/业务推动/周末双休,6000-8000元,6000.0,8000.0,7000.0,未知,未知,1-3年,大专,宜昌·西陵区·西陵街道,宜昌·西陵区·西陵街道,宜昌,西陵区,西陵街道,民营,1000-9999人,咨询服务
业务运营.csv,京东集团,家政业务运营,7000-13000元·13薪,7583.33,14083.33,10833.33,未知,未知,经验不限,大专,南京·江宁·禄口,南京·江宁·禄口,南京,江宁,禄口,合资,10000人以上,互联网
业务运营.csv,西藏楷博电子商务有限公司,美团业务经理（日喀则）,8000-10000元,8000.0,10000.0,9000.0,未知,未知,1-3年,大专,日喀则·桑珠孜区·城南街道,日喀则·桑珠孜区·城南街道,日喀则,桑珠孜区,城南街道,民营,1000-9999人,互联网
业务运营.csv,中国移动通信集团新疆有限公司克拉玛依市分公司,业务支持（县高级）,5000-8000元,5000.0,8000.0,6500.0,未知,未知,经验不限,本科,克拉玛依·克拉玛依区·昆仑路街道,克拉玛依·克拉玛依区·昆仑路街道,克拉玛依,克拉玛依区,昆仑路街道,100-299人,运营商/增值服务,未知
业务运营.csv,中原粮食集团多福多食品有限公司,商超运营业务经理,8000-15000元,8000.0,15000.0,11500.0,产品运营、销售运营、活动运营,产品运营,3-5年,大专,郑州·中原·沟赵,郑州·中原·沟赵,郑州,中原,沟赵,国企,100-299人,快速消费品
业务运营.csv,武汉维托安网络科技有限公司,短信业务运营经理,9000-18000元,9000.0,18000.0,13500.0,未知,未知,3-5年,大专,武汉·武昌,武汉·武昌,武汉,武昌,未知,民营,20-99人,运营商/增值服务
业务运营.csv,武汉楚信一部企业管理有限公司,永久无责~面试完上岗（业务均薪7000+）销售运营,8000-16000元·13薪,8666.67,17333.33,13000.0,电话销售、网络销售,电话销售,经验不限,学历不限,洛阳·西工·唐宫路,洛阳·西工·唐宫路,洛阳,西工,唐宫路,银行,100-299人,银行
业务运营.csv,浩翔控股集团有限公司,线上数据运营主管,5000-6000元,5000.0,6000.0,5500.0,电商数据运营、商业数据分析,电商数据运营,经验不限,本科,晋城·城区·钟家庄街道,晋城·城区·钟家庄街道,晋城,城区,钟家庄街道,民营,1000-9999人,房地产开发
业务运营.csv,深圳市优你家互联网科技有限公司,文旅业务运营岗(J14771),8000-13000元·13薪,8666.67,14083.33,11375.0,OTA、OTA运营、旅游产品运营推广、业务运营、旅游管理,OTA,1-3年,本科,深圳·南山·粤海,深圳·南山·粤海,深圳,南山,粤海,国企,500-999人,互联网
业务运营.csv,宜宾人才发展集团有限公司,运营岗(J22012),4000-6000元,4000.0,6000.0,5000.0,未知,未知,3-5年,本科,宜宾·叙州区·柏溪街道,宜宾·叙州区·柏溪街道,宜宾,叙州区,柏溪街道,国企,20-99人,人力资源服务
业务运营.csv,广东盈超国际人才有限公司,业务运营助理,5000-6000元,5000.0,6000.0,5500.0,未知,未知,经验不限,本科,广州·天河·天园,广州·天河·天园,广州,天河,天园,民营,100-299人,人力资源服务
业务运营.csv,顺丰速运,国际业务运营储备,6000-9000元,6000.0,9000.0,7500.0,销售运营、国际市场,销售运营,经验不限,本科,哈尔滨·香坊·大庆路,哈尔滨·香坊·大庆路,哈尔滨,香坊,大庆路,上市公司,10000人以上,货运/物流/仓储
业务运营.csv,健合(中国)有限公司,电商业务助理经理-分销9445,1.7-2.2万·14薪,19833.33,25666.67,22750.0,淘宝/天猫,淘宝/天猫,3-5年,本科,广州·天河·冼村,广州·天河·冼村,广州,天河,冼村,上市公司,1000-9999人,快速消费品
业务运营.csv,北京浩和人力资源咨询有限公司,运营注册登记业务（TA）岗岗位,2-2.5万·24薪,40000.0,50000.0,45000.0,未知,未知,5-10年,本科,乌鲁木齐·水磨沟区·六道湾街道,乌鲁木齐·水磨沟区·六道湾街道,乌鲁木齐,水磨沟区,六道湾街道,民营,20人以下,人力资源服务
业务运营.csv,国网数字科技控股有限公司,业务运营岗（郑州）,6000-8000元,6000.0,8000.0,7000.0,业务运营,业务运营,3-5年,本科,郑州·中原·汝河路,郑州·中原·汝河路,郑州,中原,汝河路,国企,1000-9999人,电子商务
业务运营.csv,杭州苏江传媒有限公司,业务运营,1-1.5万,10000.0,15000.0,12500.0,培养主播带主播、娱乐直播,培养主播带主播,经验不限,本科,杭州·钱塘·下沙,杭州·钱塘·下沙,杭州,钱塘,下沙,民营,10000人以上,文化艺术/娱乐
业务运营.csv,大童保险服务,业务发展部-互联网运营岗,8000-10000元·13薪,8666.67,10833.33,9750.0,新媒体运营、活动运营,新媒体运营,经验不限,本科,北京·朝阳·双井,北京·朝阳·双井,北京,朝阳,双井,民营,1000-9999人,保险
业务运营.csv,北京外企人力资源服务有限公司,业务运营,1-1.5万,10000.0,15000.0,12500.0,电商运营、新媒体运营,电商运营,3-5年,本科,北京·石景山·鲁谷,北京·石景山·鲁谷,北京,石景山,鲁谷,国企,1000-9999人,人力资源服务
业务运营.csv,河南简尚商贸有限公司,运营商业务运营专员,2000-4000元,2000.0,4000.0,3000.0,未知,未知,经验不限,学历不限,平顶山·宝丰县·周庄镇,平顶山·宝丰县·周庄镇,平顶山,宝丰县,周庄镇,20-99人,运营商/增值服务,未知
业务运营.csv,腾讯云智服科技(重庆)有限公司,业务知识运营-培训侧,8000-12000元,8000.0,12000.0,10000.0,新员工培训、技术岗培训、外部培训、内部培训,新员工培训,经验不限,本科,成都·武侯·桂溪,成都·武侯·桂溪,成都,武侯,桂溪,1000-9999人,互联网,未知
业务运营.csv,科锐尔人力资源服务(苏州)有限公司,业务运营专员/SFE助理(contractor）,1-1.2万·13薪,10833.33,13000.0,11916.67,销售数据运营、销售助理、SFE、销售运营,销售数据运营,经验不限,本科,上海·浦东·张江,上海·浦东·张江,上海,浦东,张江,上市公司,1000-9999人,咨询服务
业务运营.csv,圆通速递有限公司,圆通新锐生——上海包吃住,7000-8000元,7000.0,8000.0,7500.0,未知,未知,经验不限,本科,上海·青浦·华新,上海·青浦·华新,上海,青浦,华新,上市公司,10000人以上,邮政/快递
业务运营.csv,中信建投期货有限公司,综合运营岗J10562,7000-10000元,7000.0,10000.0,8500.0,内容运营、活动运营、产品运营,内容运营,经验不限,硕士,重庆·渝中·两路口,重庆·渝中·两路口,重庆,渝中,两路口,国企,500-999人,证券/期货
业务运营.csv,西藏楷博电子商务有限公司,美团业务经理-（康定，塔公镇）,7000-9000元,7000.0,9000.0,8000.0,商家BD,商家BD,经验不限,大专,甘孜·康定市·塔公镇,甘孜·康定市·塔公镇,甘孜,康定市,塔公镇,民营,1000-9999人,互联网
业务运营.csv,天津西瓜旅游有限责任公司,美团酒店业务-正编运营六险一金7-12K双休,7000-12000元·13薪,7583.33,13000.0,10291.67,酒店/民宿、小B、大B、商家销售支持、商家日常服务、商家BD,酒店/民宿,经验不限,大专,云浮·罗定市·罗城街道,云浮·罗定市·罗城街道,云浮,罗定市,罗城街道,民营,1000-9999人,互联网
业务运营.csv,北京摩湃得科技有限公司,产品运营助理【远程实习】,150-200元/天,3300.0,4400.0,3850.0,C端用户、社交类产品、工具类产品、产品迭代、用户增长、活动策划,C端用户,经验不限,本科,北京·丰台·花乡,北京·丰台·花乡,北京,丰台,花乡,其它,20人以下,互联网
业务运营.csv,北京三快在线科技有限公司,餐饮系统-业务策略运营（AI范式方向）,面议,未知,未知,未知,未知,未知,经验不限,本科,成都,成都,成都,未知,未知,上市公司,10000人以上,互联网
业务运营.csv,京东集团,生态经营岗-P8751A,1.5-2.5万·16薪,20000.0,33333.33,26666.67,数据分析、业务理解、沟通能力、团队合作、创新思维,数据分析,经验不限,学历不限,合肥·包河·大圩,合肥·包河·大圩,合肥,包河,大圩,合资,10000人以上,互联网
业务运营.csv,伊利,伊利2026届校招-销售专训生（奶酪北京）,7000-8000元,7000.0,8000.0,7500.0,渠道销售、toC,渠道销售,经验不限,本科,北京·丰台·看丹,北京·丰台·看丹,北京,丰台,看丹,股份制企业,10000人以上,快速消费品
业务运营.csv,青岛易链供应链服务有限公司,业务运营,8000-15000元,8000.0,15000.0,11500.0,无,无,5-10年,本科,青岛·市南·湛山,青岛·市南·湛山,青岛,市南,湛山,民营,100-299人,互联网
业务运营.csv,软通动力信息技术(集团)股份有限公司,产品运营（双休）,1.2-1.3万,12000.0,13000.0,12500.0,B端用户、产品迭代、运营策略制定、用户需求管理、数据分析与优化,B端用户,5-10年,本科,青岛·崂山·中韩,青岛·崂山·中韩,青岛,崂山,中韩,上市公司,10000人以上,互联网
业务运营.csv,中原粮食集团多福多食品有限公司,商超运营业务专员,5000-10000元,5000.0,10000.0,7500.0,商家销售支持,商家销售支持,1-3年,大专,郑州·中原·沟赵,郑州·中原·沟赵,郑州,中原,沟赵,国企,100-299人,快速消费品
业务运营.csv,武汉楚信一部企业管理有限公司,永久无责~面试完上岗（业务均薪7000+）销售运营,7000-8000元·13薪,7583.33,8666.67,8125.0,电话销售、网络销售,电话销售,经验不限,学历不限,洛阳·西工·唐宫路,洛阳·西工·唐宫路,洛阳,西工,唐宫路,银行,100-299人,银行
业务运营.csv,台州玉环新城吾悦商业管理有限公司,筑梦生-商管（营运管理）,7000-9000元,7000.0,9000.0,8000.0,未知,未知,经验不限,本科,台州·玉环市·玉城街道,台州·玉环市·玉城街道,台州,玉环市,玉城街道,其它,10000人以上,物业管理
业务运营.csv,天津泽创商务服务有限公司,业务专员,3000-6000元,3000.0,6000.0,4500.0,外卖,外卖,经验不限,大专,承德·双桥区·桥东街道,承德·双桥区·桥东街道,承德,双桥区,桥东街道,民营,100-299人,互联网
业务运营.csv,首聘(北京)科技有限公司,产品运营（双休大厂）,1-1.2万,10000.0,12000.0,11000.0,平台类产品,平台类产品,1-3年,本科,北京·海淀·马连洼,北京·海淀·马连洼,北京,海淀,马连洼,民营,10000人以上,企业服务
业务运营.csv,福安市神威电机有限公司,外贸电商业务员,4000-8000元·13薪,4333.33,8666.67,6500.0,未知,未知,经验不限,本科,宁德·福安市·溪潭镇,宁德·福安市·溪潭镇,宁德,福安市,溪潭镇,民营,500-999人,专用设备制造
业务运营.csv,安利（中国）日用品有限公司,业务高级助理,6000-8000元·13薪,6500.0,8666.67,7583.33,美妆类、健康类、美食类,美妆类,1-3年,本科,凉山·西昌市,凉山·西昌市,凉山,西昌市,未知,外商独资,1000-9999人,快速消费品
业务运营.csv,九洲纵横(山东)国际商务有限公司,留学业务新媒体运营,1.8-2.7万,18000.0,27000.0,22500.0,图文平台、短视频平台,图文平台,1年以下,大专,北京·通州·宋庄,北京·通州·宋庄,北京,通州,宋庄,100-299人,旅游服务,未知
业务运营.csv,四川乐送物流股份有限公司,运营专员（偏业务）,5000-8000元,5000.0,8000.0,6500.0,国有企业、工会/生日福利、双休、入职五险,国有企业,1-3年,本科,成都·新都·新都街道,成都·新都·新都街道,成都,新都,新都街道,国企,20-99人,货运/物流/仓储
业务运营.csv,深圳南区人瑞人力资源服务有限公司,租车业务运营专员,1.2-1.5万,12000.0,15000.0,13500.0,智能汽车项目、无人驾驶项目、新能源汽车项目、汽车租赁项目、早九晚六，周末双休,智能汽车项目,3-5年,大专,上海·闵行·莘庄,上海·闵行·莘庄,上海,闵行,莘庄,上市公司,10000人以上,企业服务
业务运营.csv,大龙网,业务运营专员,4000-5000元,4000.0,5000.0,4500.0,toB、专员、助理,toB,经验不限,本科,重庆·渝中·化龙桥,重庆·渝中·化龙桥,重庆,渝中,化龙桥,民营,500-999人,互联网
业务运营.csv,北京万古恒信科技有限公司,零售业务运营支持岗,8000-9000元,8000.0,9000.0,8500.0,数据运营、活动运营、产品运营、商业化产品、数据分析,数据运营,1-3年,本科,上海·杨浦·大桥,上海·杨浦·大桥,上海,杨浦,大桥,民营,10000人以上,企业服务
业务运营.csv,卓望信息技术(北京)有限公司,业务运营经理（运营商方向）(J10607),1.5-2.5万,15000.0,25000.0,20000.0,平台类产品,平台类产品,5-10年,本科,北京·昌平,北京·昌平,北京,昌平,未知,外商独资,1000-9999人,互联网
业务运营.csv,上海邦顿国际贸易有限公司,运营中国制造网业务员,8000-12000元,8000.0,12000.0,10000.0,后台产品,后台产品,3-5年,本科,上海·奉贤·海湾,上海·奉贤·海湾,上海,奉贤,海湾,股份制企业,20-99人,电子商务
业务运营.csv,北京佳之兴商业有限公司,经营业务专员,5000-10000元,5000.0,10000.0,7500.0,渠道销售,渠道销售,经验不限,本科,北京·朝阳,北京·朝阳,北京,朝阳,未知,国企,1000-9999人,快速消费品
业务运营.csv,南京九羚科技有限责任公司,互联网信贷运营助理（双休/五险一金/年轻团队/培训）,6000-12000元,6000.0,12000.0,9000.0,项目型产品,项目型产品,经验不限,本科,南京·溧水·永阳,南京·溧水·永阳,南京,溧水,永阳,20人以下,互联网金融/小额贷款,未知
业务运营.csv,数字鲸鱼(山东)能源科技有限公司,电力业务运营专员(双休、五险一金),5000-7000元,5000.0,7000.0,6000.0,产品运营,产品运营,3-5年,本科,西宁·城西区·虎台街道,西宁·城西区·虎台街道,西宁,城西区,虎台街道,民营,100-299人,计算机软件
业务运营.csv,太平洋产险,厦门-数据分析岗,9000-10000元,9000.0,10000.0,9500.0,数据挖掘、数据分析、数据报告,数据挖掘,经验不限,本科,厦门·思明·鹭江,厦门·思明·鹭江,厦门,思明,鹭江,股份制企业,10000人以上,证券/期货
业务运营.csv,伊利,伊利2026届校招-销售专训生（酸奶西北）,6000-8000元,6000.0,8000.0,7000.0,代理商销售、toB,代理商销售,经验不限,本科,兰州·安宁区·银滩路街道,兰州·安宁区·银滩路街道,兰州,安宁区,银滩路街道,股份制企业,10000人以上,快速消费品
业务运营.csv,厦门国贸资本集团有限公司,新能源业务助理,100-120元/天,2200.0,2640.0,2420.0,未知,未知,经验不限,本科,厦门·湖里·金山,厦门·湖里·金山,厦门,湖里,金山,国企,500-999人,投资/融资
业务运营.csv,软通动力信息技术(集团)股份有限公司,教育业务产品运营,6000-7000元,6000.0,7000.0,6500.0,平台类产品,平台类产品,1-3年,本科,西安·雁塔·漳浒寨,西安·雁塔·漳浒寨,西安,雁塔,漳浒寨,上市公司,10000人以上,互联网
业务运营.csv,河北璋晨汽车贸易有限公司,集团租车业务运营经理,8000-10000元,8000.0,10000.0,9000.0,C1驾驶证,C1驾驶证,3-5年,大专,石家庄·新华·大郭,石家庄·新华·大郭,石家庄,新华,大郭,股份制企业,100-299人,汽车研发/制造
业务运营.csv,比亚迪股份有限公司,业务运营专员,8000-10000元,8000.0,10000.0,9000.0,用户运营,用户运营,1-3年,本科,深圳·坪山·马峦,深圳·坪山·马峦,深圳,坪山,马峦,民营,10000人以上,汽车研发/制造
业务运营.csv,长安新生,业务运营岗（中后台）,5000-8000元·14薪,5833.33,9333.33,7583.33,数据运营、沟通协调能力,数据运营,1-3年,本科,青岛·崂山·中韩,青岛·崂山·中韩,青岛,崂山,中韩,股份制企业,1000-9999人,信托
业务运营.csv,深圳奉天成科技有限公司,跨境电商运营助理tiktok/OZON/美客多/NOON/速卖通/业务员,4000-8000元,4000.0,8000.0,6000.0,速卖通、ozon、TikTok、精品运营、数据运营、选品开发,速卖通,经验不限,大专,荆州·沙市区·立新街道,荆州·沙市区·立新街道,荆州,沙市区,立新街道,民营,20-99人,贸易/进出口
业务运营.csv,中数联物流运营有限公司,业务运营岗（薪酬面议）,1-2万,10000.0,20000.0,15000.0,B端用户、会员体系、平台策略,B端用户,1-3年,本科,重庆·两江新区,重庆·两江新区,重庆,两江新区,未知,国企,20-99人,计算机软件
业务运营.csv,叮咚买菜,业务策略运营专员,1.8-2.5万·14薪,21000.0,29166.67,25083.33,平台策略、用户策略,平台策略,3-5年,本科,宁波·海曙·西门,宁波·海曙·西门,宁波,海曙,西门,上市公司,10000人以上,互联网
业务运营.csv,万物云空间科技服务股份有限公司,【校招生】修缮工程线条--中后台综合运营,8000-10000元·13薪,8666.67,10833.33,9750.0,数据运营、工程专业优先,数据运营,经验不限,本科,广州·天河·新塘,广州·天河·新塘,广州,天河,新塘,股份制企业,10000人以上,物业管理
业务运营.csv,天津西瓜旅游有限责任公司,美团酒店-业务经理六险一金7-12K双休无责底,7000-12000元·13薪,7583.33,13000.0,10291.67,淘宝/天猫、亚马逊、阿里巴巴国际站、经理、主管,淘宝/天猫,经验不限,大专,肇庆·端州区·城东街道,肇庆·端州区·城东街道,肇庆,端州区,城东街道,民营,1000-9999人,互联网
业务运营.csv,犍为县伊米阳光超市有限公司,平台商品及到家业务运营经理,8000-15000元,8000.0,15000.0,11500.0,未知,未知,1-3年,大专,乐山·犍为县·玉津镇,乐山·犍为县·玉津镇,乐山,犍为县,玉津镇,民营,300-499人,零售/批发
业务运营.csv,河南省一顺药业有限公司,业务运营部长,5000-10000元,5000.0,10000.0,7500.0,销售运营、数据运营、跨部门协作、流程优化、团队管理,销售运营,5-10年,学历不限,商丘·梁园区·平原街道,商丘·梁园区·平原街道,商丘,梁园区,平原街道,股份制企业,100-299人,医药制造
业务运营.csv,上海任仕达人才服务有限公司,业务运营专员（外包contractor-诺华）,9000-12000元·13薪,9750.0,13000.0,11375.0,销售运营,销售运营,1-3年,本科,上海·浦东·张江,上海·浦东·张江,上海,浦东,张江,外商独资,300-499人,人力资源服务
业务运营.csv,上药控股甘肃有限公司,运营专员,5000-8000元,5000.0,8000.0,6500.0,销售运营,销售运营,3-5年,本科,兰州·七里河区·彭家坪镇,兰州·七里河区·彭家坪镇,兰州,七里河区,彭家坪镇,国企,100-299人,医药批发/零售
业务运营.csv,江苏有线网络发展有限责任公司昆山分公司,业务支撑岗,6000-10000元,6000.0,10000.0,8000.0,销售运营、产品运营、用户运营,销售运营,1-3年,本科,苏州·昆山·玉山,苏州·昆山·玉山,苏州,昆山,玉山,国企,100-299人,运营商/增值服务
业务运营.csv,北京朗宇信息技术有限公司,业务运营专员,7000-14000元,7000.0,14000.0,10500.0,销售运营,销售运营,3-5年,大专,北京·朝阳,北京·朝阳,北京,朝阳,未知,民营,20-99人,互联网
业务运营.csv,无限极(中国)有限公司,业务职员/市场运营（双休/大平台/成都）,6000-8000元·15薪,7500.0,10000.0,8750.0,市场运营、数据分析、培训赋能、活动运营,市场运营,1-3年,本科,成都·锦江·沙河,成都·锦江·沙河,成都,锦江,沙河,其它,500-999人,互联网
业务运营.csv,四川诚盈达信息科技有限公司,数据运营分析,5000-9000元,5000.0,9000.0,7000.0,行业数据分析、市场数据分析、熟练使用公式,行业数据分析,1-3年,大专,自贡·自流井区·丹桂街道,自贡·自流井区·丹桂街道,自贡,自流井区,丹桂街道,民营,1000-9999人,搬家/生活配送
业务运营.csv,东软集团(大连)有限公司,业务运营员,1.2-1.6万,12000.0,16000.0,14000.0,B2B、数据分析、用户反馈,B2B,3-5年,本科,北京·东城·北新桥,北京·东城·北新桥,北京,东城,北新桥,合资,500-999人,计算机软件
业务运营.csv,舜风传媒集团股份有限公司,业务运营经理,1.5-3万,15000.0,30000.0,22500.0,新媒体运营、内容运营,新媒体运营,3-5年,本科,北京·朝阳·呼家楼,北京·朝阳·呼家楼,北京,朝阳,呼家楼,民营,500-999人,广告/营销
业务运营.csv,保准牛,业务运营岗,8000-15000元,8000.0,15000.0,11500.0,渠道运营,渠道运营,3-5年,本科,北京·东城·永定门外,北京·东城·永定门外,北京,东城,永定门外,民营,100-299人,互联网
业务运营.csv,领航者(天津)人力资源有限公司,业务运营,8000-16000元,8000.0,16000.0,12000.0,阿拉伯语、波斯语、土耳其语、德语、法语、葡萄牙语、俄语、马来西亚语、泰语、意大利语,阿拉伯语,1年以下,本科,天津·西青·中北,天津·西青·中北,天津,西青,中北,民营,100-299人,人力资源服务
业务运营.csv,禹州七方超硬材料制品有限公司,电子商务业务内勤,3000-6000元,3000.0,6000.0,4500.0,未知,未知,1-3年,大专,许昌·禹州市·褚河街道,许昌·禹州市·褚河街道,许昌,禹州市,褚河街道,民营,20-99人,新材料
业务运营.csv,猎聘,产品运营负责人（B端业务）,2.5-4万·14薪,29166.67,46666.67,37916.67,B端用户、平台类产品、工具类产品、产品GIM、产品策略（价值包装、定价、售卖）,B端用户,5-10年,本科,北京·朝阳,北京·朝阳,北京,朝阳,未知,上市公司,1000-9999人,咨询服务
业务运营.csv,中国平安财产保险股份有限公司新疆分公司,运营专员,6000-8000元,6000.0,8000.0,7000.0,运营专员、数据分析,运营专员,经验不限,本科,乌鲁木齐·水磨沟区·七道湾街道,乌鲁木齐·水磨沟区·七道湾街道,乌鲁木齐,水磨沟区,七道湾街道,股份制企业,10000人以上,保险
业务运营.csv,长安新生,业务运营岗（后台）,5000-8000元·14薪,5833.33,9333.33,7583.33,沟通协调能力、学习能力,沟通协调能力,经验不限,本科,青岛·崂山·中韩,青岛·崂山·中韩,青岛,崂山,中韩,股份制企业,1000-9999人,信托
业务运营.csv,比亚迪股份有限公司,业务运营专员,8000-14000元,8000.0,14000.0,11000.0,数据运营、汽车相关领域工作经验,数据运营,1-3年,本科,深圳·坪山·马峦,深圳·坪山·马峦,深圳,坪山,马峦,民营,10000人以上,汽车研发/制造
业务运营.csv,伊利,伊利2026届校招-销售专训生（酸奶西北）,6000-8000元,6000.0,8000.0,7000.0,代理商销售、toB,代理商销售,经验不限,本科,西安·雁塔·丈八沟,西安·雁塔·丈八沟,西安,雁塔,丈八沟,股份制企业,10000人以上,快速消费品
业务运营.csv,途牛旅游网,途牛旅游网对公疗休养业务运营专员（上市公司五险一金）,8000-10000元,8000.0,10000.0,9000.0,销售运营、数据运营、对公沟通能力强、数据处理能力、账单对账,销售运营,1-3年,大专,南京·玄武·玄武湖,南京·玄武·玄武湖,南京,玄武,玄武湖,民营,1000-9999人,互联网
业务运营.csv,北京中保国信集团有限公司,消金业务运营经理,6000-10000元,6000.0,10000.0,8000.0,未知,未知,3-5年,本科,西宁·城西区·彭家寨镇,西宁·城西区·彭家寨镇,西宁,城西区,彭家寨镇,其它,100-299人,租赁/拍卖/典当/担保
业务运营.csv,天津西瓜旅游有限责任公司,美团酒店-业务经理六险一金7-12K双休无责底,7000-12000元,7000.0,12000.0,9500.0,淘宝/天猫、阿里巴巴国际站、亚马逊、经理、店长,淘宝/天猫,经验不限,大专,茂名·茂南区·站前街道,茂名·茂南区·站前街道,茂名,茂南区,站前街道,民营,1000-9999人,互联网
业务运营.csv,中铁建电子商务(天津)有限公司,数据业务运营,8000-15000元,8000.0,15000.0,11500.0,电商数据运营、财务数据分析,电商数据运营,3-5年,本科,北京·石景山·八宝山,北京·石景山·八宝山,北京,石景山,八宝山,100-299人,互联网,未知
业务运营.csv,北京简单科技有限公司,运营经理（偏业务）,1.2-2万,12000.0,20000.0,16000.0,教育培训、渠道运营、运营管理、销售运营,教育培训,1-3年,大专,北京·海淀·上地,北京·海淀·上地,北京,海淀,上地,民营,300-499人,互联网
业务运营.csv,首汽租车,汽车短租业务运营经理,5000-10000元,5000.0,10000.0,7500.0,产品运营,产品运营,3-5年,大专,长沙·雨花·雨花亭,长沙·雨花·雨花亭,长沙,雨花,雨花亭,国企,1000-9999人,租赁服务
业务运营.csv,中国二十二冶集团有限公司,产业运营部业务员,6000-8000元,6000.0,8000.0,7000.0,未知,未知,经验不限,本科,唐山·路北区·翔云道街道,唐山·路北区·翔云道街道,唐山,路北区,翔云道街道,国企,10000人以上,工程施工
业务运营.csv,上海合全药物研发有限公司,业务部门运营助理(J23647),1.1-2万·14薪,12833.33,23333.33,18083.33,业务助理、化学,业务助理,1-3年,本科,上海·浦东·高桥,上海·浦东·高桥,上海,浦东,高桥,合资,10000人以上,医药制造
业务运营.csv,中粮国际(北京)有限公司北京销售分公司,电商分公司-天猫业务岗,6000-12000元,6000.0,12000.0,9000.0,天猫、淘宝、食品,天猫,1-3年,本科,杭州·上城·笕桥,杭州·上城·笕桥,杭州,上城,笕桥,外商独资,100-299人,快速消费品
业务运营.csv,圆通速递有限公司,圆通物流新锐生——上海包吃住,7000-8000元,7000.0,8000.0,7500.0,未知,未知,经验不限,本科,金华·义乌市·北苑街道,金华·义乌市·北苑街道,金华,义乌市,北苑街道,上市公司,10000人以上,邮政/快递
业务运营.csv,北京三快在线科技有限公司,销售运营-北京-核心本地商业外卖事业部-效能优化组-项目实习生,面议,未知,未知,未知,未知,未知,经验不限,本科,北京,北京,北京,未知,未知,上市公司,10000人以上,互联网
业务运营.csv,广西威畅科技有限公司,运营助理,4000-8000元,4000.0,8000.0,6000.0,B端用户、C端用户、用户增长,B端用户,经验不限,学历不限,南宁·兴宁·民生,南宁·兴宁·民生,南宁,兴宁,民生,民营,20-99人,计算机软件
业务运营.csv,北京水滴科技集团有限公司,产品运营（承后运营方向）,1.2-1.3万·16薪,16000.0,17333.33,16666.67,保险链路流程优化,保险链路流程优化,1-3年,本科,北京·朝阳·东湖,北京·朝阳·东湖,北京,朝阳,东湖,上市公司,1000-9999人,互联网
业务运营.csv,江西金融发展集团股份有限公司,业务运营经理,1.2-2万,12000.0,20000.0,16000.0,商家运营、电商运营、产品运营、搜推产品、商业化产品、toB,商家运营,1-3年,本科,北京·朝阳·六里屯,北京·朝阳·六里屯,北京,朝阳,六里屯,股份制企业,500-999人,证券/期货
业务运营.csv,允能众创投资管理(天津)有限公司,业务平台运营岗,4000-5000元,4000.0,5000.0,4500.0,电商运营、产品运营、活动运营,电商运营,1年以下,本科,天津·东丽·万新,天津·东丽·万新,天津,东丽,万新,民营,20-99人,证券/期货
业务运营.csv,质海检测技术(深圳)有限公司,业务运营专员,3000-6000元,3000.0,6000.0,4500.0,网络销售、toB、专员,网络销售,1-3年,大专,深圳·宝安·新桥,深圳·宝安·新桥,深圳,宝安,新桥,民营,20-99人,检测/认证
业务运营.csv,字节跳动,供应链金融-业务运营,1.8-2.5万,18000.0,25000.0,21500.0,未知,未知,3-5年,本科,北京,北京,北京,未知,未知,民营,10000人以上,互联网
业务运营.csv,成都市新都区小花生信息技术有限公司,销售运营经理（抖音美团业务）,8000-15000元,8000.0,15000.0,11500.0,企业客户、面销/陌拜,企业客户,经验不限,大专,成都·锦江·春熙路,成都·锦江·春熙路,成都,锦江,春熙路,民营,100-299人,互联网
业务运营.csv,泰康在线,药品业务运营(J81746),9000-15000元·14薪,10500.0,17500.0,14000.0,未知,未知,经验不限,硕士,北京·西城·金融街,北京·西城·金融街,北京,西城,金融街,民营,500-999人,互联网
业务运营.csv,金健米业,新媒体业务经理,6000-10000元,6000.0,10000.0,8000.0,短视频平台、企业官网、图文平台、小红书、微信公众号、今日头条、抖音、快手、微信视频号、短视频运营、品牌运营、产品运营、农产品类,短视频平台,经验不限,大专,长沙·开福·芙蓉北路,长沙·开福·芙蓉北路,长沙,开福,芙蓉北路,国企,1000-9999人,快速消费品
业务运营.csv,蓝月亮,区域业务运营,7000-8000元,7000.0,8000.0,7500.0,未知,未知,1-3年,本科,南京·秦淮·瑞金路,南京·秦淮·瑞金路,南京,秦淮,瑞金路,民营,10000人以上,快速消费品
业务运营.csv,伊利,伊利2026届校招-销售专训生（B2B长沙）,6000-8000元,6000.0,8000.0,7000.0,渠道销售、代理商销售、toB,渠道销售,经验不限,本科,长沙·天心·裕南街,长沙·天心·裕南街,长沙,天心,裕南街,股份制企业,10000人以上,快速消费品
业务运营.csv,诚通人力资源有限公司,产教融合业务运营岗,1.5-2万,15000.0,20000.0,17500.0,销售运营,销售运营,3-5年,本科,北京·西城·展览路,北京·西城·展览路,北京,西城,展览路,国企,500-999人,人力资源服务
业务运营.csv,天津西瓜旅游有限责任公司,正编美团酒店业务7-12k无责第双休六险一金,7000-12000元·13薪,7583.33,13000.0,10291.67,电商平台、旅游平台、社会服务平台、商家运营、数据运营、销售运营,电商平台,经验不限,大专,茂名·茂南区·站前街道,茂名·茂南区·站前街道,茂名,茂南区,站前街道,民营,1000-9999人,互联网
业务运营.csv,天津南开允公集团有限公司,商务运营 / 同城业务拓展 / 达人合作,5000-6000元,5000.0,6000.0,5500.0,未知,未知,1-3年,本科,天津·西青·西营门,天津·西青·西营门,天津,西青,西营门,股份制企业,100-299人,房地产开发
业务运营.csv,外企德科,销售运营专员（英语口语流利）,1.1-1.2万·13薪,11916.67,13000.0,12458.33,专员、toB、会销、售前支持,专员,1-3年,本科,上海·浦东·北蔡,上海·浦东·北蔡,上海,浦东,北蔡,合资,100-299人,人力资源服务
业务运营.csv,腾讯瑞德铭(重庆)科技发展有限公司,业务运营管培生-腾讯运营子公司XA（合肥）,8000-10000元,8000.0,10000.0,9000.0,团队管理,团队管理,经验不限,本科,合肥·蜀山·南岗,合肥·蜀山·南岗,合肥,蜀山,南岗,上市公司,10000人以上,互联网
业务运营.csv,四川省文化大数据有限责任公司,业务运营岗,6000-10000元,6000.0,10000.0,8000.0,数据运营,数据运营,3-5年,本科,成都·武侯·桂溪,成都·武侯·桂溪,成都,武侯,桂溪,国企,20-99人,云计算/大数据
业务运营.csv,鑫懿(沈阳)科技有限公司,业务经理,4000-8000元,4000.0,8000.0,6000.0,京东外卖,京东外卖,经验不限,大专,沈阳·浑南·五三,沈阳·浑南·五三,沈阳,浑南,五三,其它,20人以下,在线生活服务（O2O）
业务运营.csv,武汉楚信一部企业管理有限公司,目前非常差人 扩招~ 业务7000+销售运营,6000-12000元·13薪,6500.0,13000.0,9750.0,电话销售,电话销售,经验不限,学历不限,洛阳·西工·唐宫路,洛阳·西工·唐宫路,洛阳,西工,唐宫路,银行,100-299人,银行
业务运营.csv,圆通速递有限公司,圆通物流新锐生——上海包吃住,7000-8000元,7000.0,8000.0,7500.0,未知,未知,经验不限,本科,苏州·常熟·东南,苏州·常熟·东南,苏州,常熟,东南,上市公司,10000人以上,邮政/快递
业务运营.csv,杭州海康威视数字技术股份有限公司,安徽业务中心-新媒体运营专员-合肥,1-1.5万,10000.0,15000.0,12500.0,未知,未知,1年以下,本科,合肥·高新区,合肥·高新区,合肥,高新区,未知,上市公司,10000人以上,人工智能
业务运营.csv,扬州橙子网络科技有限公司,运营主管（业务中台方向）,8000-15000元,8000.0,15000.0,11500.0,toB,toB,5-10年,本科,扬州·广陵区·湾头镇,扬州·广陵区·湾头镇,扬州,广陵区,湾头镇,民营,20-99人,互联网
业务运营.csv,厦门建发国际酒业集团有限公司,跨境电商业务岗（国企/六险二金/双休）,8000-12000元·16薪,10666.67,16000.0,13333.33,海外供应商开发、进口、保健品、英语、奢侈品、箱包、香水,海外供应商开发,3-5年,本科,厦门·湖里·湖里,厦门·湖里·湖里,厦门,湖里,湖里,国企,500-999人,快速消费品
业务运营.csv,济南通华电子技术有限公司,业务运营专员,5000-8000元,5000.0,8000.0,6500.0,产品运营,产品运营,3-5年,本科,济南·市中·十六里河,济南·市中·十六里河,济南,市中,十六里河,股份制企业,20-99人,计算机软件
业务运营.csv,中国平安财产保险股份有限公司温州分公司,数据分析岗/数据运营,6000-9000元,6000.0,9000.0,7500.0,经营数据分析、市场数据分析,经营数据分析,经验不限,本科,温州·鹿城区·大南街道,温州·鹿城区·大南街道,温州,鹿城区,大南街道,股份制企业,100-299人,保险
业务运营.csv,广西飞鹰通讯设备有限公司,中国移动运营助理,4000-8000元,4000.0,8000.0,6000.0,未知,未知,经验不限,学历不限,钦州·钦北区·子材街道,钦州·钦北区·子材街道,钦州,钦北区,子材街道,民营,1000-9999人,咨询服务
业务运营.csv,武汉铁锚焊接材料股份有限公司,国企外贸运营,8000-12000元,8000.0,12000.0,10000.0,海外推广、精品运营,海外推广,经验不限,本科,武汉·青山·武东,武汉·青山·武东,武汉,青山,武东,股份制企业,500-999人,船舶/航空/航天/火车制造
业务运营.csv,山西三立期货有限公司,个人IP业务岗（新媒体运营与客户开发）,5000-10000元,5000.0,10000.0,7500.0,未知,未知,经验不限,本科,太原·万柏林·长风西街,太原·万柏林·长风西街,太原,万柏林,长风西街,民营,100-299人,证券/期货
业务运营.csv,南银法巴消费金融有限公司,业务管理岗（石家庄）,6000-12000元,6000.0,12000.0,9000.0,数据分析、业绩追踪,数据分析,1-3年,本科,石家庄·长安·建安,石家庄·长安·建安,石家庄,长安,建安,其它,1000-9999人,银行
业务运营.csv,中铁物资集团华南有限公司,循环物资业务平台运营新媒体运营岗,8000-16000元,8000.0,16000.0,12000.0,未知,未知,1-3年,本科,广州·南沙·黄阁,广州·南沙·黄阁,广州,南沙,黄阁,国企,100-299人,客运服务
业务运营.csv,兰州中信贸易有限责任公司,母婴店业务运营经理,5000-10000元,5000.0,10000.0,7500.0,销售运营、产品运营、用户运营,销售运营,3-5年,大专,兰州·七里河区·西湖街道,兰州·七里河区·西湖街道,兰州,七里河区,西湖街道,民营,100-299人,零售/批发
业务运营.csv,中南国际服务外包(深圳)有限公司,营销数据分析岗 双休 餐厅,8000-10000元,8000.0,10000.0,9000.0,Sql、BI工具、数据分析,Sql,经验不限,本科,深圳·南山·粤海,深圳·南山·粤海,深圳,南山,粤海,民营,300-499人,人力资源服务
业务运营.csv,光华数科(北京)科技有限公司,保险业务运营主管,1.2-2万,12000.0,20000.0,16000.0,销售运营,销售运营,5-10年,本科,北京·丰台·太平桥,北京·丰台·太平桥,北京,丰台,太平桥,民营,100-299人,保险
业务运营.csv,库课科技集团股份有限公司,业务活动运营专员,4000-7000元,4000.0,7000.0,5500.0,销售运营、活动运营、销售策略运营、线下活动、线上活动、C端用户,销售运营,1-3年,本科,成都·成华·二仙桥,成都·成华·二仙桥,成都,成华,二仙桥,股份制企业,1000-9999人,培训/辅导服务
业务运营.csv,长安期货有限公司陕西分公司,业务运营岗,6000-12000元,6000.0,12000.0,9000.0,KA大客户、企业客户、机构客户、渠道销售、期货从业资格证,KA大客户,经验不限,本科,西安·雁塔·长延堡,西安·雁塔·长延堡,西安,雁塔,长延堡,国企,300-499人,证券/期货
业务运营.csv,成都大橡来了科技有限公司,业务运营助理（成都）,4000-5000元,4000.0,5000.0,4500.0,电商运营、产品运营、酒店运营、酒店产品、互联网产品、商旅产品、阿里商旅、同程商旅、携程商旅、酒店前厅经验、酒店销售经验、OTA工作经验,电商运营,1-3年,大专,成都·锦江·东湖,成都·锦江·东湖,成都,锦江,东湖,民营,20-99人,电子商务
业务运营.csv,海澜集团,电商直播运营,5000-8000元,5000.0,8000.0,6500.0,抖音、淘宝、天猫、直播后台运营数据、直播活动内容策划、直播业务运营,抖音,经验不限,本科,无锡·江阴·新桥,无锡·江阴·新桥,无锡,江阴,新桥,民营,10000人以上,服装/纺织/皮革
业务运营.csv,青岛海狸先生网络科技有限公司,海外业务运营经理,1-1.5万,10000.0,15000.0,12500.0,销售运营、数据运营、商家运营、toB、toC,销售运营,经验不限,本科,青岛·城阳·上马,青岛·城阳·上马,青岛,城阳,上马,民营,100-299人,互联网
业务运营.csv,中船重工物资贸易集团鞍山有限公司,经营业务员,3000-5000元,3000.0,5000.0,4000.0,未知,未知,3-5年,大专,鞍山·铁西区·达道湾街道,鞍山·铁西区·达道湾街道,鞍山,铁西区,达道湾街道,20-99人,钢铁/有色金属冶炼及加工,未知
业务运营.csv,圆通速递有限公司,圆通物流新锐生——上海包吃住,7000-8000元,7000.0,8000.0,7500.0,未知,未知,经验不限,本科,嘉兴·桐乡市·乌镇镇,嘉兴·桐乡市·乌镇镇,嘉兴,桐乡市,乌镇镇,上市公司,10000人以上,邮政/快递
业务运营.csv,贵州麟洲跨境贸易有限公司,跨境电商业务员,6000-12000元,6000.0,12000.0,9000.0,TikTok、海外推广,TikTok,经验不限,大专,贵阳,贵阳,贵阳,未知,未知,民营,20-99人,贸易/进出口
业务运营.csv,宜栩化妆品供应链(广州)有限公司,1688运营业务,9000-14000元,9000.0,14000.0,11500.0,1688、店长、1688业务员、化妆品1688运营,1688,1-3年,大专,广州·白云·石井,广州·白云·石井,广州,白云,石井,民营,20-99人,日化
业务运营.csv,北京三快在线科技有限公司,无人车业务部-业务运营专家,面议,未知,未知,未知,未知,未知,3-5年,本科,北京·朝阳·东湖,北京·朝阳·东湖,北京,朝阳,东湖,上市公司,10000人以上,互联网
业务运营.csv,福州奇拓电子有限公司,业务运营,7000-10000元,7000.0,10000.0,8500.0,产品运营、营销策划、活动策划、用户增长,产品运营,3-5年,大专,福州·鼓楼·五凤,福州·鼓楼·五凤,福州,鼓楼,五凤,民营,20人以下,IT服务
业务运营.csv,中都数科供应链管理有限公司,物流规划（应届生）,5000-8000元·14薪,5833.33,9333.33,7583.33,五险一金、周末双休、交通补助、餐补、年终奖、公路运输,五险一金,经验不限,本科,常州·新北·罗溪,常州·新北·罗溪,常州,新北,罗溪,国企,1000-9999人,货运/物流/仓储
业务运营.csv,字节跳动,体验策略运营-商业生态与安全,1.2-2.4万,12000.0,24000.0,18000.0,未知,未知,经验不限,本科,成都,成都,成都,未知,未知,民营,10000人以上,互联网
业务运营.csv,中电金信软件有限公司,业务运营专员,8000-9000元,8000.0,9000.0,8500.0,toB、立项流程管理、结算管理、日语二级,toB,3-5年,本科,大连·甘井子·凌水,大连·甘井子·凌水,大连,甘井子,凌水,国企,10000人以上,计算机软件
业务运营.csv,旺旺集团,旺旺B2B业务专员,7000-9000元,7000.0,9000.0,8000.0,小B、商家销售支持、B2B业务经验、快消行业渠道运营,小B,1-3年,大专,西安·雁塔·电子城,西安·雁塔·电子城,西安,雁塔,电子城,上市公司,10000人以上,快速消费品
业务运营.csv,河北彩鑫网络科技有限公司,市场业务负责人,4000-6000元,4000.0,6000.0,5000.0,业务员、商家BD,业务员,经验不限,学历不限,邯郸·丛台区·和平街道,邯郸·丛台区·和平街道,邯郸,丛台区,和平街道,民营,1000-9999人,餐饮服务
业务运营.csv,贵州彩数网络技术有限公司,运营专员（物联网）,6000-8000元,6000.0,8000.0,7000.0,产品运营、用户运营,产品运营,1-3年,本科,贵阳·观山湖·长岭,贵阳·观山湖·长岭,贵阳,观山湖,长岭,民营,100-299人,计算机软件
业务运营.csv,中国太平洋人寿保险股份有限公司,业务推动岗,5000-10000元,5000.0,10000.0,7500.0,未知,未知,经验不限,本科,贵阳·观山湖·长岭,贵阳·观山湖·长岭,贵阳,观山湖,长岭,国企,10000人以上,保险
业务运营.csv,广东博达科技有限公司,销售运营（坦桑尼亚）,2.5-3万·14薪,29166.67,35000.0,32083.33,未知,未知,经验不限,本科,广州·越秀·北京街道,广州·越秀·北京街道,广州,越秀,北京街道,民营,1000-9999人,贸易/进出口
业务运营.csv,中标华信(北京)认证中心有限公司,业务运营主管,1-1.2万,10000.0,12000.0,11000.0,未知,未知,1-3年,本科,北京·石景山·老山,北京·石景山·老山,北京,石景山,老山,民营,100-299人,检测/认证
业务运营.csv,伊利,成人营养品保健品业务单元京东电商运营经理,1.2-1.8万,12000.0,18000.0,15000.0,京东,京东,经验不限,大专,北京·丰台·看丹,北京·丰台·看丹,北京,丰台,看丹,股份制企业,10000人以上,快速消费品
业务运营.csv,河南中信科大数据科技有限公司,高新区在线打字客服（双休+业务咨询回复+运营）,4000-6000元,4000.0,6000.0,5000.0,售前客服、全白班、VIP客服,售前客服,经验不限,大专,郑州·中原·石佛,郑州·中原·石佛,郑州,中原,石佛,民营,100-299人,IT服务
业务运营.csv,济南财智谷企业管理咨询有限公司,加油加气站业务运营负责人,3-4万,30000.0,40000.0,35000.0,未知,未知,5-10年,大专,酒泉·玉门市·玉门镇,酒泉·玉门市·玉门镇,酒泉,玉门市,玉门镇,20-99人,咨询服务,未知
业务运营.csv,拼多多,社区业务片区网管运营,1-2万,10000.0,20000.0,15000.0,零担运输、道路运输、加盟商管理,零担运输,经验不限,学历不限,温州·乐清市·蒲岐镇,温州·乐清市·蒲岐镇,温州,乐清市,蒲岐镇,民营,1000-9999人,互联网
业务运营.csv,吉安吉州区悦云创信息咨询有限公司,数据运营专员,5000-10000元,5000.0,10000.0,7500.0,经营数据分析、市场数据分析、数据采集、业务流程优化、管理层汇报,经营数据分析,经验不限,大专,武汉·洪山·关山,武汉·洪山·关山,武汉,洪山,关山,20-99人,计算机软件,未知
业务运营.csv,廊坊腾益行汽车贸易有限公司,集团租车业务运营经理,5000-7000元,5000.0,7000.0,6000.0,未知,未知,3-5年,大专,廊坊·广阳区·新开路街道,廊坊·广阳区·新开路街道,廊坊,广阳区,新开路街道,20-99人,汽车4S店/经销商,未知
业务运营.csv,圆通速递有限公司,圆通精彩计划·营运管培生 往届接收,7000-12000元,7000.0,12000.0,9500.0,C1驾驶证、英语四级,C1驾驶证,经验不限,本科,乌鲁木齐·新市区·二工乡,乌鲁木齐·新市区·二工乡,乌鲁木齐,新市区,二工乡,上市公司,10000人以上,邮政/快递
业务运营.csv,浪潮集团,业务运营,7000-9000元,7000.0,9000.0,8000.0,视频类、文本类、娱乐类、微信公众号、抖音、中国移动,视频类,3-5年,大专,南京·建邺·沙洲,南京·建邺·沙洲,南京,建邺,沙洲,国企,10000人以上,IT服务
业务运营.csv,河北鲲鹏智航科技有限公司,外贸运营业务员,4000-8000元,4000.0,8000.0,6000.0,管理经验、TikTok,管理经验,1-3年,大专,石家庄·裕华·建通,石家庄·裕华·建通,石家庄,裕华,建通,20人以下,电子商务,未知
业务运营.csv,盐城扶摇网络科技有限公司,淘宝闪购业务员,5000-10000元·13薪,5416.67,10833.33,8125.0,外卖、商家BD、商家日常服务,外卖,1-3年,大专,南通·如皋·如城,南通·如皋·如城,南通,如皋,如城,民营,1000-9999人,互联网
业务运营.csv,洛阳凡品电子商务有限公司,亚马逊运营（五险一金）,5000-10000元,5000.0,10000.0,7500.0,英语、亚马逊运营、店铺运营,英语,经验不限,大专,洛阳·洛龙·太康东路,洛阳·洛龙·太康东路,洛阳,洛龙,太康东路,民营,100-299人,电子商务
业务运营.csv,和谐健康保险股份有限公司,业务管理专员,5000-7000元,5000.0,7000.0,6000.0,内勤,内勤,经验不限,本科,杭州·西湖·灵隐,杭州·西湖·灵隐,杭州,西湖,灵隐,民营,1000-9999人,保险
业务运营.csv,南京索博工具有限公司,亚马逊运营专员,8000-10000元,8000.0,10000.0,9000.0,亚马逊,亚马逊,经验不限,大专,徐州·邳州市·运河街道,徐州·邳州市·运河街道,徐州,邳州市,运河街道,其它,500-999人,互联网
业务运营.csv,纳龙健康科技股份有限公司,业务运营主管,8000-12000元,8000.0,12000.0,10000.0,主管、医药代表,主管,3-5年,本科,厦门·思明·莲前,厦门·思明·莲前,厦门,思明,莲前,民营,500-999人,计算机软件
业务运营.csv,深圳市金鹏源辐照技术有限公司,生产运营部业务专员（央企）,1.1-1.4万,11000.0,14000.0,12500.0,央企、上市公司,央企,经验不限,硕士,深圳·罗湖·东晓,深圳·罗湖·东晓,深圳,罗湖,东晓,国企,100-299人,金属制品业
业务运营.csv,健合(中国)有限公司,电商业务高级经理-唯品&京东健康9143,2.8-3.5万,28000.0,35000.0,31500.0,京东,京东,经验不限,本科,北京·大兴·荣华街道,北京·大兴·荣华街道,北京,大兴,荣华街道,上市公司,1000-9999人,快速消费品
业务运营.csv,中和农信农业集团有限公司,业务运营（农业+五险一金）,8000-10000元·13薪,8666.67,10833.33,9750.0,销售运营、toC,销售运营,5-10年,大专,石家庄·正定·正定镇,石家庄·正定·正定镇,石家庄,正定,正定镇,外商独资,1000-9999人,农/林/牧/渔
业务运营.csv,天虹股份,线上业务部总监/副总监,2.5-5万,25000.0,50000.0,37500.0,用户运营、活动运营,用户运营,经验不限,本科,深圳·南山·粤海,深圳·南山·粤海,深圳,南山,粤海,国企,10000人以上,零售/批发
业务运营.csv,武汉市匆匆那年教育科技有限公司,小红书运营,28元/时,4928.0,4928.0,4928.0,未知,未知,经验不限,学历不限,深圳·南山·粤海,深圳·南山·粤海,深圳,南山,粤海,20人以下,未知,未知
业务运营.csv,上海威田资产管理有限公司,运营专员（创新业务岗）,6000-8000元,6000.0,8000.0,7000.0,用户运营,用户运营,1-3年,大专,太原·小店·北营,太原·小店·北营,太原,小店,北营,民营,500-999人,汽车金融
业务运营.csv,浙江星星优品网络科技有限公司,电商业务运营,4000-6000元,4000.0,6000.0,5000.0,淘宝/天猫、京东,淘宝/天猫,1-3年,本科,台州·椒江区·洪家街道,台州·椒江区·洪家街道,台州,椒江区,洪家街道,民营,100-299人,互联网
业务运营.csv,伊利,伊利2026届校招-销售专训生（奶酪B2B南昌）,6000-8000元,6000.0,8000.0,7000.0,渠道销售、代理商销售、toB,渠道销售,经验不限,本科,南昌·东湖·董家窑,南昌·东湖·董家窑,南昌,东湖,董家窑,股份制企业,10000人以上,快速消费品
业务运营.csv,洛阳摩达家具有限公司,数据分析师（电商行业从业经验1年以上）,8000-12000元,8000.0,12000.0,10000.0,数据挖掘、数据建模、SPSS、Sql、Python,数据挖掘,1年以下,本科,洛阳·洛龙·太康东路,洛阳·洛龙·太康东路,洛阳,洛龙,太康东路,20-99人,电子商务,未知
业务运营.csv,东营蓝飙网络科技有限公司,淘宝闪购零售业务经理,7000-10000元,7000.0,10000.0,8500.0,渠道销售、地推销售、网络销售,渠道销售,经验不限,大专,东营·广饶县·乐安街道,东营·广饶县·乐安街道,东营,广饶县,乐安街道,其它,100-299人,食品/饮料
业务运营.csv,秦皇岛市基纳贸易有限公司,运营主管，业务，招商,3000-4000元,3000.0,4000.0,3500.0,商场运营，招商,商场运营，招商,1-3年,学历不限,秦皇岛·海港区·建设大街街道,秦皇岛·海港区·建设大街街道,秦皇岛,海港区,建设大街街道,20人以下,零售/批发,未知
业务运营.csv,北京首创城市发展集团有限公司,运营分析岗（自营业务）,1.5-2万,15000.0,20000.0,17500.0,数据运营、运营分析,数据运营,3-5年,本科,北京·朝阳·东直门,北京·朝阳·东直门,北京,朝阳,东直门,国企,1000-9999人,房地产开发
业务运营.csv,七颜互娱(河南)文化传媒有限公司,运营专员 业务管理岗,6000-11000元,6000.0,11000.0,8500.0,未知,未知,经验不限,大专,郑州·金水·丰产路,郑州·金水·丰产路,郑州,金水,丰产路,民营,500-999人,新媒体
业务运营.csv,圆通速递有限公司,圆通速递新锐生,6000-8000元,6000.0,8000.0,7000.0,未知,未知,经验不限,本科,长春·二道·英俊,长春·二道·英俊,长春,二道,英俊,上市公司,10000人以上,邮政/快递
业务运营.csv,上海维音信息技术股份有限公司佛山分公司,英文行政班-国际站业务运营,7000-10000元,7000.0,10000.0,8500.0,阿里巴巴国际站、英语,阿里巴巴国际站,经验不限,本科,佛山·禅城·南庄,佛山·禅城·南庄,佛山,禅城,南庄,外商独资,1000-9999人,运营商/增值服务
业务运营.csv,北京水滴科技集团有限公司,策略运营-线下业务(A114384),1.4-1.6万·16薪,18666.67,21333.33,20000.0,销售策略、商家策略、数据分析,销售策略,1-3年,本科,北京·朝阳·东湖,北京·朝阳·东湖,北京,朝阳,东湖,上市公司,1000-9999人,互联网
业务运营.csv,中华棉花集团有限公司,业务运营岗 (北京中棉通泰经贸有限公司),8000-10000元,8000.0,10000.0,9000.0,英语,英语,经验不限,本科,北京·西城·广安门内,北京·西城·广安门内,北京,西城,广安门内,国企,500-999人,农/林/牧/渔
业务运营.csv,北京宏天信业信息技术股份有限公司,驻场--业务运营分析,1.1-1.2万,11000.0,12000.0,11500.0,销售数据运营,销售数据运营,3-5年,大专,北京·东城·永定门外,北京·东城·永定门外,北京,东城,永定门外,股份制企业,100-299人,计算机软件
业务运营.csv,天美新天地,营运主管（业务方向）,8000-12000元·14薪,9333.33,14000.0,11666.67,销售运营、运营部门管理,销售运营,3-5年,本科,太原·小店·平阳路,太原·小店·平阳路,太原,小店,平阳路,民营,1000-9999人,零售/批发
业务运营.csv,新网银行,存款业务运营经理,1-1.5万,10000.0,15000.0,12500.0,社交平台、用户增长、平台策略,社交平台,3-5年,本科,成都·武侯·桂溪,成都·武侯·桂溪,成都,武侯,桂溪,民营,500-999人,银行
业务运营.csv,武汉启瑞药业,运营助理-东部中心,9000-13000元,9000.0,13000.0,11000.0,未知,未知,1-3年,本科,上海·浦东·金桥,上海·浦东·金桥,上海,浦东,金桥,民营,1000-9999人,医药制造
业务运营.csv,桂林漓江千古情演艺发展有限公司,市场OTA业务员,5000-10000元,5000.0,10000.0,7500.0,网络运营、商家运营,网络运营,1-3年,大专,桂林·阳朔县·阳朔镇,桂林·阳朔县·阳朔镇,桂林,阳朔县,阳朔镇,上市公司,100-299人,旅游服务
业务运营.csv,平安银行股份有限公司,BK91ID-业务运营岗,面议,未知,未知,未知,未知,未知,1-3年,本科,深圳,深圳,深圳,未知,未知,上市公司,10000人以上,银行
业务运营.csv,四川蜀能矿产有限责任公司,业务管理专员,9000-11000元,9000.0,11000.0,10000.0,未知,未知,3-5年,本科,乐山·马边彝族自治县·建设镇,乐山·马边彝族自治县·建设镇,乐山,马边彝族自治县,建设镇,国企,20-99人,矿产/采掘
业务运营.csv,新三科技有限公司,广西玉林铁塔业务支持岗,3000-6000元,3000.0,6000.0,4500.0,电商数据运营、经营数据分析、行业数据分析,电商数据运营,1-3年,大专,玉林·玉州区·茂林镇,玉林·玉州区·茂林镇,玉林,玉州区,茂林镇,民营,1000-9999人,通信/网络设备
业务运营.csv,广东纳云科技有限公司,短信业务运营岗位,6000-8000元,6000.0,8000.0,7000.0,未知,未知,3-5年,本科,广州·海珠·琶洲,广州·海珠·琶洲,广州,海珠,琶洲,20-99人,通信/网络设备,未知
业务运营.csv,无锡光之屋电子科技有限公司,外贸业务员 外贸助理 外贸运营 （ 常州分公司）,8000-16000元,8000.0,16000.0,12000.0,阿里巴巴国际站、Facebook、WhatsApp,阿里巴巴国际站,经验不限,学历不限,常州·新北·红梅,常州·新北·红梅,常州,新北,红梅,其它,20-99人,医疗设备/器械
业务运营.csv,山东慧农科技服务有限公司,业务运营、销售经理,4000-8000元,4000.0,8000.0,6000.0,电商运营、销售运营、产品运营、运营管理,电商运营,3-5年,大专,滨州·滨城区·彭李街道,滨州·滨城区·彭李街道,滨州,滨城区,彭李街道,民营,20-99人,电子商务
业务运营.csv,中南教育科技(深圳)有限公司,海外业务运营助理,8000-16000元,8000.0,16000.0,12000.0,项目运营、海外运营,项目运营,1-3年,本科,深圳·龙岗·龙城,深圳·龙岗·龙城,深圳,龙岗,龙城,民营,100-299人,人力资源服务
业务运营.csv,北京义利食品有限公司,KA销售业务,7000-9000元,7000.0,9000.0,8000.0,未知,未知,5-10年,大专,北京·大兴·观音寺,北京·大兴·观音寺,北京,大兴,观音寺,国企,500-999人,食品/饮料
业务运营.csv,中特保国际安保有限公司,运营业务助理,4000-7000元,4000.0,7000.0,5500.0,销售运营、投标运营业务,销售运营,1-3年,大专,济南·天桥·北坦,济南·天桥·北坦,济南,天桥,北坦,民营,1000-9999人,专业技术服务
业务运营.csv,靖江市天源食品有限公司,ai运营专员,4000-8000元,4000.0,8000.0,6000.0,商业数据分析、数据采集、策略运营,商业数据分析,经验不限,学历不限,泰州·靖江市·孤山镇,泰州·靖江市·孤山镇,泰州,靖江市,孤山镇,100-299人,餐饮服务,未知
业务运营.csv,大连罗西罗比科技有限公司,运营专员,6000-8000元,6000.0,8000.0,7000.0,用户运营、活动运营、销售运营,用户运营,经验不限,大专,大连·西岗·白云,大连·西岗·白云,大连,西岗,白云,民营,20-99人,IT服务
业务运营.csv,青岛辉繁茂贸易有限公司,业务岗管培生,6000-9000元,6000.0,9000.0,7500.0,亚马逊、TikTok、海外推广、数据运营、选品开发、英语,亚马逊,经验不限,本科,青岛·城阳·城阳街道,青岛·城阳·城阳街道,青岛,城阳,城阳街道,民营,100-299人,电子商务
业务运营.csv,圆通速递有限公司,圆通物流新锐生——上海包吃住,7000-8000元,7000.0,8000.0,7500.0,未知,未知,经验不限,本科,无锡·新吴·梅村,无锡·新吴·梅村,无锡,新吴,梅村,上市公司,10000人以上,邮政/快递
业务运营.csv,北京三快在线科技有限公司,大模型业务运营,面议,未知,未知,未知,未知,未知,3-5年,本科,北京,北京,北京,未知,未知,上市公司,10000人以上,互联网
业务运营.csv,丹东快讯商贸有限公司,业务运营经理,4000-8000元,4000.0,8000.0,6000.0,运营管理、销售运营、推广运营、用户运营、C端运营,运营管理,经验不限,学历不限,丹东·振兴区·站前街道,丹东·振兴区·站前街道,丹东,振兴区,站前街道,民营,20-99人,IT服务
业务运营.csv,合邦电力科技有限公司,充电桩业务运营,5000-10000元,5000.0,10000.0,7500.0,充电桩,充电桩,1-3年,大专,太原·小店·平阳路,太原·小店·平阳路,太原,小店,平阳路,民营,300-499人,计算机软件
业务运营.csv,泸州老窖怀旧酒类营销有限公司,数据分析与运营,1.2-1.7万,12000.0,17000.0,14500.0,经营数据分析、销售数据运营、市场数据分析、数据监控、数据采集、FineBI、SQL,经营数据分析,1-3年,本科,成都·青羊,成都·青羊,成都,青羊,未知,国企,100-299人,快速消费品
业务运营.csv,胜通和科技有限公司广州分公司,C端/B端业务支撑,4000-8000元,4000.0,8000.0,6000.0,未知,未知,3-5年,大专,佛山·禅城·石湾镇,佛山·禅城·石湾镇,佛山,禅城,石湾镇,国企,500-999人,咨询服务
业务运营.csv,新疆中泰进出口贸易有限公司,跨境电商业务部电商运营岗,4000-7000元,4000.0,7000.0,5500.0,未知,未知,经验不限,本科,乌鲁木齐·沙依巴克区·西山街道,乌鲁木齐·沙依巴克区·西山街道,乌鲁木齐,沙依巴克区,西山街道,100-299人,贸易/进出口,未知
业务运营.csv,兆讯新媒体科技有限公司,产品运营经理（户外 LED 广告场景）,1.5-1.8万,15000.0,18000.0,16500.0,未知,未知,3-5年,本科,北京·朝阳,北京·朝阳,北京,朝阳,未知,上市公司,500-999人,广告/营销
业务运营.csv,福建浩达智能科技股份有限公司,教培业务运营总监,1-2万,10000.0,20000.0,15000.0,培训运营,培训运营,5-10年,本科,福州·闽侯·南屿,福州·闽侯·南屿,福州,闽侯,南屿,股份制企业,20-99人,环保
业务运营.csv,南华期货股份有限公司,场外业务开户运营岗,6000-8000元,6000.0,8000.0,7000.0,机构客户、企业客户,机构客户,1-3年,本科,杭州·上城·望江,杭州·上城·望江,杭州,上城,望江,上市公司,500-999人,证券/期货
业务运营.csv,无限极(中国)有限公司,市场运营/业务职员（双休/大平台/哈尔滨）,6000-8000元·15薪,7500.0,10000.0,8750.0,市场运营、活动策划、市场赋能,市场运营,1-3年,本科,哈尔滨·南岗·新春,哈尔滨·南岗·新春,哈尔滨,南岗,新春,其它,500-999人,互联网
业务运营.csv,四川诚盈达信息科技有限公司,淘宝闪购 外卖业务经理,5000-8000元,5000.0,8000.0,6500.0,未知,未知,经验不限,大专,南充·顺庆区·北城街道,南充·顺庆区·北城街道,南充,顺庆区,北城街道,民营,1000-9999人,搬家/生活配送
业务运营.csv,北京五八信息技术有限公司,本地服务业务 商家运营岗（J34139),1.2-2万,12000.0,20000.0,16000.0,家政、维修、保洁清洗、搬家、小B、大B、本地服务,家政,3-5年,大专,南京·建邺·沙洲,南京·建邺·沙洲,南京,建邺,沙洲,合资,10000人以上,互联网
业务运营.csv,阜南邦尼门业有限公司,企业管理，网络运营 业务经理,4000-8000元,4000.0,8000.0,6000.0,网络运营、新媒体运营、销售运营、直播运营、抖音、快手、小红书、toC、toG、有经验优先,网络运营,1-3年,中专/中技,阜阳·阜南县·焦陂镇,阜阳·阜南县·焦陂镇,阜阳,阜南县,焦陂镇,其它,20-99人,金属制品业
业务运营.csv,南银法巴消费金融有限公司,业务管理岗（济南）,5000-7000元,5000.0,7000.0,6000.0,业务分析管理,业务分析管理,1-3年,本科,济南·历下·舜华路,济南·历下·舜华路,济南,历下,舜华路,其它,1000-9999人,银行
业务运营.csv,允能众创投资管理(天津)有限公司,平台运营业务拓展岗,7000-9000元,7000.0,9000.0,8000.0,电商平台、企业管理平台、医疗平台,电商平台,1-3年,本科,天津·东丽·万新,天津·东丽·万新,天津,东丽,万新,民营,20-99人,证券/期货
业务运营.csv,河南辉庆源电子商务有限公司,外卖业务运营负责人,1.5-3万,15000.0,30000.0,22500.0,外卖、美团、饿了么,外卖,5-10年,本科,郑州·金水·祭城路,郑州·金水·祭城路,郑州,金水,祭城路,民营,1000-9999人,在线生活服务（O2O）
业务运营.csv,安利（中国）日用品有限公司,业务高级助理-宿迁,7000-8000元·13薪,7583.33,8666.67,8125.0,会销、toB、助理、客户维护、数据分析,会销,1-3年,本科,宿迁·宿城区·古城街道,宿迁·宿城区·古城街道,宿迁,宿城区,古城街道,外商独资,1000-9999人,快速消费品
业务运营.csv,北京星链南天科技有限公司,运营管培生（业务流方向）,8000-10000元,8000.0,10000.0,9000.0,经营意识、数据分析,经营意识,经验不限,硕士,北京·海淀·上地,北京·海淀·上地,北京,海淀,上地,上市公司,300-499人,IT服务
业务运营.csv,深圳市前海公共安全科学研究院有限公司,业务运营专员,7000-9000元,7000.0,9000.0,8000.0,未知,未知,1-3年,本科,深圳·南山·南山,深圳·南山·南山,深圳,南山,南山,民营,100-299人,咨询服务
业务运营.csv,软通动力信息技术(集团)股份有限公司,运营专员,8000-12000元,8000.0,12000.0,10000.0,业务运营,业务运营,3-5年,本科,郑州·金水·祭城路,郑州·金水·祭城路,郑州,金水,祭城路,上市公司,10000人以上,互联网
业务运营.csv,中国环球租赁有限公司,数字化金融业务运营支持岗,1.5-2万,15000.0,20000.0,17500.0,金融系统设计,金融系统设计,经验不限,硕士,北京·丰台·太平桥,北京·丰台·太平桥,北京,丰台,太平桥,国企,10000人以上,投资/融资
业务运营.csv,北京三快在线科技有限公司,闪购松鼠业务—用工运营管理专家,面议,未知,未知,未知,未知,未知,1-3年,本科,北京,北京,北京,未知,未知,上市公司,10000人以上,互联网
业务运营.csv,青岛华瀚国际物流有限公司,独立站运营,5000-10000元·13薪,5416.67,10833.33,8125.0,海外推广、数据运营、Google、Facebook、YouTube、谷歌、独立站,海外推广,经验不限,大专,青岛·市南·湛山,青岛·市南·湛山,青岛,市南,湛山,民营,20-99人,货运/物流/仓储
业务运营.csv,牧原肉食品有限公司,数据流程主管,8000-14000元,8000.0,14000.0,11000.0,行业数据分析、策略运营、数据采集、数据监控,行业数据分析,1-3年,本科,铁岭·铁岭县·腰堡镇,铁岭·铁岭县·腰堡镇,铁岭,铁岭县,腰堡镇,股份制企业,10000人以上,农/林/牧/渔
业务运营.csv,中轻建设科技(安徽)有限公司,企业运营专员,5000-8000元,5000.0,8000.0,6500.0,未知,未知,1-3年,大专,合肥·包河·包公,合肥·包河·包公,合肥,包河,包公,民营,100-299人,工程技术与设计服务
业务运营.csv,山西汇能科技有限公司,业务运营专员,6000-10000元,6000.0,10000.0,8000.0,未知,未知,3-5年,大专,太原·万柏林·长风西街,太原·万柏林·长风西街,太原,万柏林,长风西街,民营,20-99人,计算机软件
业务运营.csv,突破电气,跨境电商平台运营/外贸业务员,8000-15000元,8000.0,15000.0,11500.0,亚马逊、TikTok、海外推广、Facebook、Twitter、YouTube,亚马逊,1-3年,本科,北京·丰台·和义,北京·丰台·和义,北京,丰台,和义,民营,100-299人,通信/网络设备
业务运营.csv,字节跳动,体验线索运营-CQC,1.5-3万,15000.0,30000.0,22500.0,未知,未知,3-5年,本科,北京,北京,北京,未知,未知,民营,10000人以上,互联网
业务运营.csv,太平洋产险,厦门-数据分析岗（2026）,6000-8000元,6000.0,8000.0,7000.0,数据挖掘、数据建模、报表开发,数据挖掘,经验不限,本科,厦门·思明·鹭江,厦门·思明·鹭江,厦门,思明,鹭江,股份制企业,10000人以上,证券/期货
业务运营.csv,金蝶软件（中国）有限公司,运营管理（国际化业务流程合规方向）,1.2-1.8万,12000.0,18000.0,15000.0,业务合规、英语,业务合规,经验不限,本科,深圳·南山·粤海,深圳·南山·粤海,深圳,南山,粤海,上市公司,1000-9999人,计算机软件
业务运营.csv,河南瑞达国际货运代理有限公司,业务运营,4000-8000元,4000.0,8000.0,6000.0,广告投放、谷歌运营、询盘处理、进出口货物跟进,广告投放,1-3年,大专,郑州·新郑·郑港,郑州·新郑·郑港,郑州,新郑,郑港,20人以下,贸易/进出口,未知
业务运营.csv,北京迪信通商贸股份有限公司,业务运营拓展,1.1-2万,11000.0,20000.0,15500.0,淘宝天猫、抖音、快手、toB、toC、主管、专员、创新、渠道开发,淘宝天猫,3-5年,本科,北京·丰台·太平桥,北京·丰台·太平桥,北京,丰台,太平桥,国企,1000-9999人,零售/批发
业务运营.csv,广东纳云科技有限公司,语音业务运营岗位,8000-10000元,8000.0,10000.0,9000.0,未知,未知,3-5年,本科,广州·海珠·琶洲,广州·海珠·琶洲,广州,海珠,琶洲,20-99人,通信/网络设备,未知
业务运营.csv,山东祥顺财税服务有限公司,运营业务岗（海外业务事业部・运营储备）,6000-9000元,6000.0,9000.0,7500.0,运营管理、五险一金、带薪年假,运营管理,3-5年,本科,淄博·张店区·四宝山街道,淄博·张店区·四宝山街道,淄博,张店区,四宝山街道,民营,300-499人,财务/审计/税务
业务运营.csv,山东鲸才信息技术有限公司,业务策略运营,2-3.5万,20000.0,35000.0,27500.0,销售策略、产品策略、品牌策略、用户策略、营销策略、商业分析,销售策略,3-5年,本科,北京·朝阳·望京,北京·朝阳·望京,北京,朝阳,望京,民营,500-999人,计算机软件
业务运营.csv,石家庄小罐茶贸易有限公司,茶叶门店运营业务,4000-8000元,4000.0,8000.0,6000.0,商场、门店销售、代理商销售,商场,1-3年,大专,石家庄·桥西·休门,石家庄·桥西·休门,石家庄,桥西,休门,贸易/进出口,未知,未知
业务运营.csv,中数智创科技有限公司,运营专员,4000-6000元,4000.0,6000.0,5000.0,网销,网销,经验不限,大专,成都·武侯·簇锦,成都·武侯·簇锦,成都,武侯,簇锦,民营,300-499人,IT服务
业务运营.csv,拼多多,社区业务片区网管运营,1-2万,10000.0,20000.0,15000.0,零担运输、道路运输、加盟商管理,零担运输,经验不限,学历不限,嘉兴·海宁市·长安镇,嘉兴·海宁市·长安镇,嘉兴,海宁市,长安镇,民营,1000-9999人,互联网
业务运营.csv,康佳集团股份有限公司,跨境电商业务主管,6000-8000元,6000.0,8000.0,7000.0,亚马逊、阿里巴巴国际站、速卖通、海外推广、精品运营、数据运营、Google、Facebook、LinkedIn,亚马逊,3-5年,大专,新乡·红旗区,新乡·红旗区,新乡,红旗区,未知,国企,10000人以上,电子/半导体/集成电路
业务运营.csv,百思特,业务运营岗（武汉+正常班）,4000-5000元,4000.0,5000.0,4500.0,业务运营,业务运营,经验不限,大专,武汉·江夏·佛祖岭,武汉·江夏·佛祖岭,武汉,江夏,佛祖岭,民营,10000人以上,运营商/增值服务
业务运营.csv,深圳市开乾科技有限公司,业务运营专员,8000-11000元,8000.0,11000.0,9500.0,外贸跟单、英语、英语四级、英语六级,外贸跟单,经验不限,本科,深圳·宝安·福海,深圳·宝安·福海,深圳,宝安,福海,民营,20-99人,专用设备制造
业务运营.csv,思达威(北京)科技有限公司,业务运营主管,1-1.5万,10000.0,15000.0,12500.0,数据运营、销售运营,数据运营,5-10年,本科,北京·朝阳·大屯,北京·朝阳·大屯,北京,朝阳,大屯,民营,100-299人,新材料
业务运营.csv,北京三快在线科技有限公司,下沉市场-校园业务运营,面议,未知,未知,未知,未知,未知,1-3年,本科,北京,北京,北京,未知,未知,上市公司,10000人以上,互联网
业务运营.csv,天津海展会议展览有限公司,拓展部展览及活动运营业务主管,5000-7000元,5000.0,7000.0,6000.0,线下活动、用户维护,线下活动,1-3年,本科,天津·津南·咸水沽,天津·津南·咸水沽,天津,津南,咸水沽,国企,100-299人,会议/展览
业务运营.csv,中建材海外经济合作有限公司,建材超市业务运营岗,1.3-2万,13000.0,20000.0,16500.0,渠道销售、外贸销售、toB、toC,渠道销售,经验不限,本科,巴布亚新几内亚,巴布亚新几内亚,巴布亚新几内亚,未知,未知,国企,500-999人,贸易/进出口
业务运营.csv,上海东浩人力资源有限公司,业务支持岗（有运营或客服经验优先）,8000-10000元,8000.0,10000.0,9000.0,金融、线上运营、客服,金融,3-5年,大专,上海·浦东·上钢新村,上海·浦东·上钢新村,上海,浦东,上钢新村,国企,100-299人,咨询服务
业务运营.csv,景德镇市优胜美陶瓷有限公司,阿里巴巴运营业务员,6000-12000元,6000.0,12000.0,9000.0,1688、助理、业务员,1688,1-3年,大专,景德镇·浮梁县·罗家桥乡,景德镇·浮梁县·罗家桥乡,景德镇,浮梁县,罗家桥乡,民营,100-299人,电子商务
业务运营.csv,上海宝觅网络信息科技有限公司,运营，业务，销售,1.2-1.3万,12000.0,13000.0,12500.0,企业客户、政府客户、个人客户、网络销售、渠道销售、面销/陌拜,企业客户,1-3年,大专,上海·嘉定·安亭,上海·嘉定·安亭,上海,嘉定,安亭,20人以下,互联网,未知
业务运营.csv,软通动力信息技术(集团)股份有限公司,销售中台运营（大厂/包三餐）,9000-12000元,9000.0,12000.0,10500.0,crm系统、英文流利,crm系统,3-5年,本科,上海·徐汇·虹梅路,上海·徐汇·虹梅路,上海,徐汇,虹梅路,上市公司,10000人以上,互联网
业务运营.csv,溧阳昕光化工科技有限公司,业务运营专员,5000-6000元,5000.0,6000.0,5500.0,未知,未知,经验不限,大专,常州·溧阳·溧城,常州·溧阳·溧城,常州,溧阳,溧城,民营,20-99人,贸易/进出口
业务运营.csv,成都市妙可多商贸有限公司,食品KA业务运营经理/主管,8000-15000元,8000.0,15000.0,11500.0,渠道销售、toB,渠道销售,3-5年,大专,成都·武侯·桂溪,成都·武侯·桂溪,成都,武侯,桂溪,合资,20-99人,快速消费品
业务运营.csv,圆通速递有限公司,圆通物流新锐生——上海包吃住,7000-8000元,7000.0,8000.0,7500.0,未知,未知,经验不限,本科,杭州·临平·运河,杭州·临平·运河,杭州,临平,运河,上市公司,10000人以上,邮政/快递
业务运营.csv,中国电子学会,业务岗--期刊活动运营方向,1-1.5万,10000.0,15000.0,12500.0,出版发行、编辑经验,出版发行,经验不限,硕士,北京·海淀·羊坊店,北京·海淀·羊坊店,北京,海淀,羊坊店,事业单位,100-299人,学术/科研
业务运营.csv,华彬西部通用航空(成都)有限公司,航空公司业务运营,6000-8000元,6000.0,8000.0,7000.0,直升机运营、国内市场,直升机运营,1-3年,大专,成都·武侯·簇桥,成都·武侯·簇桥,成都,武侯,簇桥,民营,20-99人,船舶/航空/航天/火车制造
业务运营.csv,中国外运长航集团有限公司,运营管理(J10120)--江苏公司,6000-8000元,6000.0,8000.0,7000.0,资产管理,资产管理,经验不限,硕士,南京·秦淮·洪武路,南京·秦淮·洪武路,南京,秦淮,洪武路,国企,1000-9999人,货运/物流/仓储
业务运营.csv,盐津铺子,销售业务运营专员,6000-8000元,6000.0,8000.0,7000.0,渠道销售,渠道销售,3-5年,大专,长沙·雨花·黎托,长沙·雨花·黎托,长沙,雨花,黎托,民营,1000-9999人,快速消费品
业务运营.csv,北京卓诚创新科技有限公司,语音业务运营,7000-10000元,7000.0,10000.0,8500.0,运营管理、客服运营、平台运营、产品运营,运营管理,1-3年,大专,北京·朝阳,北京·朝阳,北京,朝阳,未知,民营,20人以下,IT服务
业务运营.csv,华中正大,数据运营专员,7000-9000元,7000.0,9000.0,8000.0,销售数据运营、经营数据分析、商业数据分析、PowerBI、FineBI、SPSS、VBA、客户服务运营、订单全流程管理,销售数据运营,1-3年,硕士,郑州·管城·圃田,郑州·管城·圃田,郑州,管城,圃田,合资,500-999人,医药制造
业务运营.csv,拼多多,数据经营分析,8000-13000元,8000.0,13000.0,10500.0,经营数据分析、销售数据运营、财务数据分析,经营数据分析,3-5年,大专,沈阳·和平·太原街,沈阳·和平·太原街,沈阳,和平,太原街,民营,1000-9999人,互联网
业务运营.csv,中交第四航务工程局有限公司总承包分公司,企业电子商城业务运营岗,1.2-2万,12000.0,20000.0,16000.0,未知,未知,1-3年,大专,广州·海珠·南洲,广州·海珠·南洲,广州,海珠,南洲,国企,300-499人,工程施工
业务运营.csv,中国平安财产保险股份有限公司福建分公司,26届管培生（数据）,7000-10000元·15薪,8750.0,12500.0,10625.0,经营数据分析,经营数据分析,经验不限,本科,福州·台江·茶亭,福州·台江·茶亭,福州,台江,茶亭,股份制企业,1000-9999人,保险
业务运营.csv,青岛海能创电科技有限公司,两轮电动车换电业务运营支持（青岛）,5000-8000元,5000.0,8000.0,6500.0,数据运营,数据运营,经验不限,大专,青岛·李沧·楼山,青岛·李沧·楼山,青岛,李沧,楼山,20-99人,新能源,未知
业务运营.csv,金寨腾百商业管理有限公司,业务经理,7000-10000元,7000.0,10000.0,8500.0,招商管理,招商管理,3-5年,大专,六安·金寨县·梅山镇,六安·金寨县·梅山镇,六安,金寨县,梅山镇,其它,20-99人,服装/纺织/皮革
业务运营.csv,北京三快在线科技有限公司,无人车业务部-策略运营（数据标注方向）,面议,未知,未知,未知,未知,未知,3-5年,本科,北京,北京,北京,未知,未知,上市公司,10000人以上,互联网
业务运营.csv,和谐健康保险股份有限公司,业务管理专员,5000-7000元,5000.0,7000.0,6000.0,内勤,内勤,经验不限,本科,温州·鹿城区·大南街道,温州·鹿城区·大南街道,温州,鹿城区,大南街道,民营,1000-9999人,保险
业务运营.csv,智联猎头,新媒体运营业务经理（4月12日武汉专场招聘会）,8000-11000元,8000.0,11000.0,9500.0,短视频平台、图文平台、企业官网、微信公众号、小红书、微博、抖音、旅游类、短视频运营、品牌运营,短视频平台,3-5年,本科,桂林·秀峰区·甲山街道,桂林·秀峰区·甲山街道,桂林,秀峰区,甲山街道,其它,10000人以上,互联网
业务运营.csv,吉林市统泰一网超市有限公司,数据分析员,4000-6000元,4000.0,6000.0,5000.0,报表开发,报表开发,1-3年,大专,吉林市·龙潭区·江北乡,吉林市·龙潭区·江北乡,吉林市,龙潭区,江北乡,民营,500-999人,零售/批发
业务运营.csv,长安新生,业务运营主管,8000-14000元,8000.0,14000.0,11000.0,未知,未知,3-5年,本科,青岛·崂山·中韩,青岛·崂山·中韩,青岛,崂山,中韩,股份制企业,1000-9999人,信托
业务运营.csv,湖北盛翔医药有限公司,业务BP,5000-8000元,5000.0,8000.0,6500.0,toB、toC,toB,经验不限,大专,武汉·硚口·古田,武汉·硚口·古田,武汉,硚口,古田,民营,100-299人,医药制造
业务运营.csv,上海威田资产管理有限公司,运营专员（创新业务岗）,7000-8000元,7000.0,8000.0,7500.0,经济、用户运营,经济,1-3年,大专,上海·浦东·潍坊新村,上海·浦东·潍坊新村,上海,浦东,潍坊新村,民营,500-999人,汽车金融
业务运营.csv,四川商通支付科技有限公司,市场项目运营,4000-6000元,4000.0,6000.0,5000.0,销售运营、用户运营,销售运营,3-5年,本科,遂宁·船山区·嘉禾街道,遂宁·船山区·嘉禾街道,遂宁,船山区,嘉禾街道,国企,300-499人,互联网
业务运营.csv,长沙顶尚鼎公寓管理有限公司,双休运营培训经理+业务赋能,1.4-1.9万,14000.0,19000.0,16500.0,运营管理、销售运营、toC,运营管理,5-10年,本科,长沙·岳麓·望城坡,长沙·岳麓·望城坡,长沙,岳麓,望城坡,民营,100-299人,租赁服务
业务运营.csv,阜阳唐家三少电子商务有限公司,电商业务员,4000-8000元,4000.0,8000.0,6000.0,抖音小店,抖音小店,1-3年,大专,阜阳·颍州区·三十里铺镇,阜阳·颍州区·三十里铺镇,阜阳,颍州区,三十里铺镇,20人以下,电子商务,未知
业务运营.csv,广州贝壳,业务策略运营,9000-13000元·14薪,10500.0,15166.67,12833.33,销售策略、平台策略、业务策略,销售策略,1-3年,本科,广州·天河·猎德,广州·天河·猎德,广州,天河,猎德,民营,1000-9999人,互联网
业务运营.csv,深圳世路源环境有限公司,业务运营管理（甘肃镇原）,8000-9000元,8000.0,9000.0,8500.0,未知,未知,3-5年,大专,庆阳·镇原县·城关镇,庆阳·镇原县·城关镇,庆阳,镇原县,城关镇,民营,1000-9999人,居民服务
业务运营.csv,青岛合创智慧供应链有限公司,业务运营专员,1-1.5万,10000.0,15000.0,12500.0,新媒体运营、数据运营、内容运营,新媒体运营,1-3年,本科,上海·浦东·北蔡,上海·浦东·北蔡,上海,浦东,北蔡,民营,1000-9999人,货运/物流/仓储
业务运营.csv,鼎韬科技,平台业务部助理,3000-6000元,3000.0,6000.0,4500.0,平台运营、公众号/朋友圈运营,平台运营,经验不限,大专,天津·大直沽,天津·大直沽,天津,大直沽,未知,民营,20-99人,咨询服务
业务运营.csv,中煤集团,外贸运营（烟台）,4000-8000元,4000.0,8000.0,6000.0,未知,未知,1-3年,大专,烟台·福山·福新,烟台·福山·福新,烟台,福山,福新,股份制企业,500-999人,IT服务
业务运营.csv,勤好(北京)物业管理有限公司,陪护业务运营总经理,2-2.5万,20000.0,25000.0,22500.0,运营管理、战略管理、销售管理,运营管理,5-10年,本科,北京·朝阳,北京·朝阳,北京,朝阳,未知,民营,1000-9999人,物业管理
业务运营.csv,方正中期期货有限公司,总部业务部-增长运营岗,1.5-2万,15000.0,20000.0,17500.0,运营增长,运营增长,3-5年,本科,北京·朝阳·朝外,北京·朝阳·朝外,北京,朝阳,朝外,股份制企业,500-999人,证券/期货
业务运营.csv,自我游,旅游业务经理（采购+渠道运营）,8000-15000元,8000.0,15000.0,11500.0,OTA、采购、OTA运营、渠道,OTA,3-5年,学历不限,广州·天河·天园,广州·天河·天园,广州,天河,天园,民营,100-299人,互联网
业务运营.csv,北京鼎兴物业管理有限公司,运营业务员,6000-7000元,6000.0,7000.0,6500.0,现场客服,现场客服,1-3年,大专,北京·丰台·太平桥,北京·丰台·太平桥,北京,丰台,太平桥,20-99人,物业管理,未知
业务运营.csv,苏州江森特自动化科技有限公司,外贸运营业务员,8000-12000元,8000.0,12000.0,10000.0,SAAS、谷歌、TikTok,SAAS,1-3年,本科,苏州·太仓·陆渡,苏州·太仓·陆渡,苏州,太仓,陆渡,20-99人,工业自动化,未知
业务运营.csv,中标华信(北京)认证中心有限公司,业务运营主管/业务管理岗,1-1.2万,10000.0,12000.0,11000.0,未知,未知,5-10年,本科,北京·石景山·老山,北京·石景山·老山,北京,石景山,老山,民营,100-299人,检测/认证
业务运营.csv,北京三快在线科技有限公司,无人车业务部-策略运营专家,面议,未知,未知,未知,未知,未知,3-5年,本科,深圳·龙华·民治,深圳·龙华·民治,深圳,龙华,民治,上市公司,10000人以上,互联网
业务运营.csv,圆通速递有限公司,圆通物流新锐生——上海包吃住,7000-8000元,7000.0,8000.0,7500.0,未知,未知,经验不限,本科,南京·江宁·禄口,南京·江宁·禄口,南京,江宁,禄口,上市公司,10000人以上,邮政/快递
业务运营.csv,伊利,成人营养品保健品业务单元内容平台店铺运营专员,1-1.2万,10000.0,12000.0,11000.0,未知,未知,1-3年,本科,杭州·余杭·仓前,杭州·余杭·仓前,杭州,余杭,仓前,股份制企业,10000人以上,快速消费品
业务运营.csv,郑州阳杰汽车配件有限公司,业务运营经理,1.1-1.5万,11000.0,15000.0,13000.0,销售运营、toB、项目管理能力、销售支持、业务督导及推动经验,销售运营,5-10年,大专,郑州·管城·南曹,郑州·管城·南曹,郑州,管城,南曹,民营,500-999人,汽车零部件
业务运营.csv,易事特集团股份有限公司,售电业务运营经理,1.5-2万,15000.0,20000.0,17500.0,电力、售电,电力,3-5年,本科,东莞·寮步镇,东莞·寮步镇,东莞,寮步镇,未知,股份制企业,1000-9999人,电气机械/电力设备
业务运营.csv,山东鲁花集团股份有限公司,电商业务员,4000-8000元,4000.0,8000.0,6000.0,淘宝/天猫、京东、拼多多、主管,淘宝/天猫,1-3年,大专,贵阳·南明,贵阳·南明,贵阳,南明,未知,民营,10000人以上,农/林/牧/渔
业务运营.csv,科锐尔人力资源服务(苏州)有限公司,部门助理（运营助理）,8000-12000元·14薪,9333.33,14000.0,11666.67,部门助理,部门助理,1-3年,本科,深圳·福田·香蜜湖,深圳·福田·香蜜湖,深圳,福田,香蜜湖,上市公司,10000人以上,咨询服务
业务运营.csv,北京配天技术有限公司,海外业务运营专员,8000-12000元·14薪,9333.33,14000.0,11666.67,熟悉阿里巴巴国际站运营,熟悉阿里巴巴国际站运营,1-3年,本科,北京·海淀·西三旗,北京·海淀·西三旗,北京,海淀,西三旗,国企,500-999人,电气机械/电力设备
业务运营.csv,中国外运长航集团有限公司,业务运营管理岗(J10112),1-1.6万,10000.0,16000.0,13000.0,数据运营,数据运营,5-10年,硕士,北京·朝阳·亚运村,北京·朝阳·亚运村,北京,朝阳,亚运村,国企,1000-9999人,货运/物流/仓储
业务运营.csv,荣科科技股份有限公司,健康业务运营专家/顾问,3-4万·14薪,35000.0,46666.67,40833.33,互联网医疗、健康管理、运营体系搭建,互联网医疗,5-10年,本科,上海·青浦·徐泾,上海·青浦·徐泾,上海,青浦,徐泾,上市公司,500-999人,IT服务
业务运营.csv,天津中仪科技发展有限公司北京分公司,运营助理,6000-8000元,6000.0,8000.0,7000.0,用户运营,用户运营,1-3年,大专,北京·朝阳,北京·朝阳,北京,朝阳,未知,其它,20-99人,计算机软件
业务运营.csv,长安新生,运营支持（综合）,5000-8000元·14薪,5833.33,9333.33,7583.33,数据运营、培训支持,数据运营,1-3年,本科,青岛·崂山·中韩,青岛·崂山·中韩,青岛,崂山,中韩,股份制企业,1000-9999人,信托
业务运营.csv,北京和泓物业服务有限公司,运营业务员,6000-7000元,6000.0,7000.0,6500.0,未知,未知,1-3年,大专,北京·丰台·太平桥,北京·丰台·太平桥,北京,丰台,太平桥,上市公司,1000-9999人,物业管理
业务运营.csv,万物云空间科技服务股份有限公司,产品运营高级经理,1.2-1.5万,12000.0,15000.0,13500.0,产品运营、软件、软硬件集成,产品运营,1-3年,本科,苏州·工业园区,苏州·工业园区,苏州,工业园区,未知,股份制企业,10000人以上,物业管理
业务运营.csv,上海跃昆仑进出口有限公司,海外业务运营,9000-15000元·13薪,9750.0,16250.0,13000.0,非洲、南美、B端客户,非洲,5-10年,大专,上海·青浦·徐泾,上海·青浦·徐泾,上海,青浦,徐泾,民营,500-999人,贸易/进出口
业务运营.csv,首汽租车,汽车短租业务运营经理,5000-10000元,5000.0,10000.0,7500.0,租车行业、国企经验,租车行业,5-10年,大专,兰州·城关区·张掖路街道,兰州·城关区·张掖路街道,兰州,城关区,张掖路街道,国企,1000-9999人,租赁服务
业务运营.csv,深圳市讯方技术股份有限公司,运营（数据分析）,5000-9000元,5000.0,9000.0,7000.0,经营数据分析、商业数据分析、行业数据分析,经营数据分析,5-10年,大专,贵阳·云岩,贵阳·云岩,贵阳,云岩,未知,股份制企业,1000-9999人,互联网
业务运营.csv,重庆万点食品科技有限公司,业务支持（电商云仓）,7000-9000元,7000.0,9000.0,8000.0,未知,未知,1-3年,本科,重庆·渝北,重庆·渝北,重庆,渝北,未知,民营,20-99人,货运/物流/仓储
业务运营.csv,铂信工贸(贵溪)有限公司,进口业务（有色）运营经理,1.5-3万·13薪,16250.0,32500.0,24375.0,WhatsApp,WhatsApp,10年以上,本科,鹰潭·月湖区,鹰潭·月湖区,鹰潭,月湖区,未知,20人以下,矿产/采掘,未知
业务运营.csv,苏州德粤通风机电设备有限公司,运营专员,6000-8000元,6000.0,8000.0,7000.0,运营专员、店铺推广、电商文案、电商活动运营、销售教据运营、B端用户运营、行业数据分析、线上数据运营,运营专员,1-3年,大专,苏州·北桥,苏州·北桥,苏州,北桥,未知,民营,100-299人,电气机械/电力设备
业务运营.csv,厦门新凯复材科技有限公司,业务流程管理专员,6000-8000元·13薪,6500.0,8666.67,7583.33,外贸销售、专员,外贸销售,1-3年,大专,厦门·集美·后溪,厦门·集美·后溪,厦门,集美,后溪,外商独资,1000-9999人,金属制品业
业务运营.csv,北京三快在线科技有限公司,履约-业务策略运营,面议,未知,未知,未知,未知,未知,1-3年,本科,北京,北京,北京,未知,未知,上市公司,10000人以上,互联网
业务运营.csv,圆通速递有限公司,圆通物流新锐生——上海包吃住,7000-8000元,7000.0,8000.0,7500.0,未知,未知,经验不限,本科,上海·青浦·华新,上海·青浦·华新,上海,青浦,华新,上市公司,10000人以上,邮政/快递
业务运营.csv,江泰保险经纪股份有限公司,业务运营支持专员（结算方向）（可接受应届毕业生）,8000-10000元,8000.0,10000.0,9000.0,财务分析,财务分析,经验不限,大专,北京·门头沟,北京·门头沟,北京,门头沟,未知,股份制企业,1000-9999人,保险
业务运营.csv,中信期货有限公司,福建分公司-运营管理部-运营岗G01392,7000-14000元,7000.0,14000.0,10500.0,销售运营,销售运营,1-3年,本科,福州·鼓楼·鼓东,福州·鼓楼·鼓东,福州,鼓楼,鼓东,国企,1000-9999人,证券/期货
业务运营.csv,阳光保险集团,阳光人寿总公司.电销业务部.运营管理岗(J20328),面议,未知,未知,未知,寿险,寿险,经验不限,硕士,北京·通州·永顺,北京·通州·永顺,北京,通州,永顺,股份制企业,10000人以上,保险
业务运营.csv,中瑞集团,海外业务销售运营专员（西语/英语）,8000-15000元·14薪,9333.33,17500.0,13416.67,销售运营、toB、助理、专员、西语、英语、业务运营,销售运营,经验不限,本科,青岛·李沧·世园,青岛·李沧·世园,青岛,李沧,世园,民营,1000-9999人,互联网
业务运营.csv,河南诚猎人力资源有限公司,【广州】云服务业务运营初级助理（要销管、数据分析方向）,9000-11000元·14薪,10500.0,12833.33,11666.67,数据运营,数据运营,1-3年,大专,广州·白云·松洲,广州·白云·松洲,广州,白云,松洲,民营,20-99人,人力资源服务
业务运营.csv,中智青岛经济技术合作有限公司,数字化运营岗,6000-8000元·13薪,6500.0,8666.67,7583.33,一物一码码源运营经验,一物一码码源运营经验,3-5年,大专,青岛·市北·河西,青岛·市北·河西,青岛,市北,河西,国企,100-299人,互联网
业务运营.csv,易生支付有限公司,业务管理主管,6000-10000元,6000.0,10000.0,8000.0,数据运营、产品运营,数据运营,1-3年,本科,上海·浦东·张江,上海·浦东·张江,上海,浦东,张江,民营,1000-9999人,互联网
业务运营.csv,烟台欣和企业食品有限公司,数据分析师 (MJ011537),4000-6000元,4000.0,6000.0,5000.0,绩效检核、数据分析,绩效检核,1-3年,本科,烟台·福山·福莱山,烟台·福山·福莱山,烟台,福山,福莱山,外商独资,1000-9999人,快速消费品
业务运营.csv,中联重科,海外业务运营,8000-16000元,8000.0,16000.0,12000.0,英语工作语言、海外销售管理,英语工作语言,3-5年,本科,长沙·望城·雷锋,长沙·望城·雷锋,长沙,望城,雷锋,合资,10000人以上,电气机械/电力设备
业务运营.csv,山东鲁花集团股份有限公司,电商业务专员,6000-8000元,6000.0,8000.0,7000.0,淘宝/天猫、京东、拼多多,淘宝/天猫,1-3年,大专,长沙·长沙·湘龙,长沙·长沙·湘龙,长沙,长沙,湘龙,民营,10000人以上,农/林/牧/渔
业务运营.csv,中粮国际(北京)有限公司北京销售分公司,电商分公司-社团业务岗,5000-10000元,5000.0,10000.0,7500.0,社区团购、淘宝/天猫、京东、美团、兴盛、多多买菜,社区团购,1-3年,大专,长沙·雨花·东塘,长沙·雨花·东塘,长沙,雨花,东塘,外商独资,100-299人,快速消费品
业务运营.csv,廊坊市美印信息科技有限公司,业务运营主管,8000-10000元,8000.0,10000.0,9000.0,渠道销售、toB、经理、数码印刷、定制印刷,渠道销售,1-3年,大专,廊坊·安次区·杨税务镇,廊坊·安次区·杨税务镇,廊坊,安次区,杨税务镇,民营,100-299人,印刷/包装/造纸
业务运营.csv,河北彩鑫网络科技有限公司,市场业务负责人,4000-6000元,4000.0,6000.0,5000.0,业务员、商家BD,业务员,经验不限,学历不限,邯郸·丛台区·中华街道,邯郸·丛台区·中华街道,邯郸,丛台区,中华街道,民营,1000-9999人,餐饮服务
业务运营.csv,杭州千芝雅卫生用品有限公司,跨境电商运营,8000-16000元,8000.0,16000.0,12000.0,未知,未知,3-5年,大专,杭州·桐庐·凤川,杭州·桐庐·凤川,杭州,桐庐,凤川,民营,1000-9999人,工业自动化
业务运营.csv,北京新航城控股集团有限公司,业务负责人-停车业务（下属公司-城市运营公司）,1.4-1.8万,14000.0,18000.0,16000.0,未知,未知,3-5年,本科,北京·大兴·礼贤,北京·大兴·礼贤,北京,大兴,礼贤,国企,500-999人,房地产开发
业务运营.csv,卓望信息技术(北京)有限公司,业务运营经理 (MJ000710),2-3万,20000.0,30000.0,25000.0,科技成果转化、科技创新规划,科技成果转化,5-10年,本科,北京·丰台·看丹,北京·丰台·看丹,北京,丰台,看丹,外商独资,1000-9999人,互联网
业务运营.csv,徐福记,电商业务主管,8000-15000元,8000.0,15000.0,11500.0,淘宝/天猫、拼多多、京东、主管,淘宝/天猫,1-3年,大专,东莞·东城街道,东莞·东城街道,东莞,东城街道,未知,其它,1000-9999人,快速消费品
业务运营.csv,北京微物云联科技有限公司,业务运营支撑工程师,1.5-2万·13薪,16250.0,21666.67,18958.33,研发事业部,研发事业部,3-5年,本科,北京·东城·和平里,北京·东城·和平里,北京,东城,和平里,20-99人,IT服务,未知
业务运营.csv,江苏汉邦智能系统集成有限公司,业务经理,1.2-1.8万,12000.0,18000.0,15000.0,未知,未知,1-3年,大专,宿迁·宿城区·黄河街道,宿迁·宿城区·黄河街道,宿迁,宿城区,黄河街道,民营,20-99人,物联网
业务运营.csv,北京三快在线科技有限公司,浣熊食堂-业务运营专家,面议,未知,未知,未知,未知,未知,3-5年,本科,北京,北京,北京,未知,未知,上市公司,10000人以上,互联网
业务运营.csv,广西广投产业链服务集团有限公司,运营管理部执行业务经理（劳务外包）,5000-10000元,5000.0,10000.0,7500.0,未知,未知,经验不限,本科,南宁·良庆·良庆镇,南宁·良庆·良庆镇,南宁,良庆,良庆镇,100-299人,零售/批发,未知
业务运营.csv,江苏凡好科技有限公司,内贸运营主管,7000-14000元,7000.0,14000.0,10500.0,视频类、音频类、抖音、小红书、视频号、TIKTOK,视频类,5-10年,大专,南通·崇川·永兴,南通·崇川·永兴,南通,崇川,永兴,民营,100-299人,电气机械/电力设备
业务运营.csv,伊利,伊利酸奶电商组京东业务单元电商运营经理,1.5-2.5万,15000.0,25000.0,20000.0,京东、经理,京东,1-3年,本科,北京·丰台·看丹,北京·丰台·看丹,北京,丰台,看丹,股份制企业,10000人以上,快速消费品
业务运营.csv,安徽飞数信息科技有限公司,业务运营,7000-12000元·14薪,8166.67,14000.0,11083.33,策略运营,策略运营,1-3年,本科,合肥·蜀山·高新区,合肥·蜀山·高新区,合肥,蜀山,高新区,100-299人,人工智能,未知
业务运营.csv,山西北科电气有限公司,tiktok运营主管,6000-10000元,6000.0,10000.0,8000.0,TikTok,TikTok,5-10年,本科,太原·小店·小店街道,太原·小店·小店街道,太原,小店,小店街道,股份制企业,300-499人,电子/半导体/集成电路
业务运营.csv,小雨伞保险经纪有限公司,业务运营实习生,150-200元/天,3300.0,4400.0,3850.0,订单处理、业务协助、渠道运营,订单处理,经验不限,本科,深圳·福田·梅林,深圳·福田·梅林,深圳,福田,梅林,民营,500-999人,保险
业务运营.csv,平安养老保险股份有限公司,年金业务运营岗,8000-10000元·14薪,9333.33,11666.67,10500.0,年金、作业、财会、后台,年金,1-3年,本科,上海·浦东·唐镇,上海·浦东·唐镇,上海,浦东,唐镇,民营,1000-9999人,保险
业务运营.csv,深圳市松岗琥珀交易市场有限公司,电商业务运营专员,5000-10000元,5000.0,10000.0,7500.0,淘宝/天猫、拼多多、抖音小店、商家入驻,淘宝/天猫,1-3年,本科,深圳·宝安·松岗,深圳·宝安·松岗,深圳,宝安,松岗,民营,100-299人,物业管理
业务运营.csv,中信银行信用卡中心,运营管理岗(汽车分期业务)(012560),面议,未知,未知,未知,汽车金融业务、数据分析、信用卡业务,汽车金融业务,3-5年,本科,深圳·福田·福田街道,深圳·福田·福田街道,深圳,福田,福田街道,国企,1000-9999人,银行
业务运营.csv,中国平安财产保险股份有限公司福建分公司,数据分析岗/数据运营,7000-10000元·15薪,8750.0,12500.0,10625.0,金融数据分析、经营数据分析、行业数据分析,金融数据分析,经验不限,本科,福州·台江·茶亭,福州·台江·茶亭,福州,台江,茶亭,股份制企业,1000-9999人,保险
业务运营.csv,重庆凯瑞城市规划设计有限公司,运营专员,5000-6000元,5000.0,6000.0,5500.0,用户运营、门店运营、数据运营,用户运营,经验不限,本科,重庆·两江新区,重庆·两江新区,重庆,两江新区,未知,民营,20-99人,建筑设计
业务运营.csv,中信期货有限公司,经发管委-网络金融部-业务运营岗G00705,1.5-3万,15000.0,30000.0,22500.0,用户增长、C端用户,用户增长,5-10年,本科,上海·浦东·花木,上海·浦东·花木,上海,浦东,花木,国企,1000-9999人,证券/期货
业务运营.csv,石家庄尚睫进出口贸易有限公司,跨境电商 运营 业务员,4000-8000元,4000.0,8000.0,6000.0,Shopify、TikTok、亚马逊、精品运营,Shopify,经验不限,大专,石家庄·裕华·太行,石家庄·裕华·太行,石家庄,裕华,太行,民营,20-99人,贸易/进出口
业务运营.csv,华源期货(北京)有限公司,运营管理岗（经纪业务条线）,1.5-2.5万·13薪,16250.0,27083.33,21666.67,运营管理、销售运营、用户运营、内容运营、财务、人力,运营管理,5-10年,本科,北京·朝阳·望京,北京·朝阳·望京,北京,朝阳,望京,国企,100-299人,证券/期货
业务运营.csv,兔宝宝,木门运营专员,6000-12000元,6000.0,12000.0,9000.0,活动运营、门店运营,活动运营,经验不限,大专,广州·白云·三元里,广州·白云·三元里,广州,白云,三元里,上市公司,1000-9999人,家具制造
业务运营.csv,卓望信息技术(北京)有限公司,业务策划及运营 (MJ000566),1.5-2.5万·14薪,17500.0,29166.67,23333.33,品牌策略、产品策略、用户策略、业务策划、业务运营,品牌策略,3-5年,本科,广州·天河·猎德,广州·天河·猎德,广州,天河,猎德,外商独资,1000-9999人,互联网
业务运营.csv,广州南风窗传媒有限公司,直播业务运营专员,6000-12000元,6000.0,12000.0,9000.0,淘宝、天猫、京东、电商类、新闻类,淘宝,1-3年,本科,广州·天河·石牌,广州·天河·石牌,广州,天河,石牌,国企,20-99人,新闻/出版
业务运营.csv,河南辉庆源电子商务有限公司,业务运营负责人【美团外卖+五险+单双休】,1.5-3万,15000.0,30000.0,22500.0,平台策略、城市策略、用户策略、商家策略、美团外卖、即时配送、数据分析、经营分析,平台策略,3-5年,大专,郑州·金水·祭城路,郑州·金水·祭城路,郑州,金水,祭城路,民营,1000-9999人,在线生活服务（O2O）
业务运营.csv,中电金信软件有限公司,业务运营专员,7000-9000元,7000.0,9000.0,8000.0,日语,日语,3-5年,本科,大连·甘井子·凌水,大连·甘井子·凌水,大连,甘井子,凌水,国企,10000人以上,计算机软件
业务运营.csv,北京微物云联科技有限公司,高级业务运营经理,2-3万·13薪,21666.67,32500.0,27083.33,未知,未知,5-10年,硕士,北京·东城·和平里,北京·东城·和平里,北京,东城,和平里,20-99人,IT服务,未知
业务运营.csv,友利银行(中国)有限公司,互联网贷款业务运营管理岗,8000-15000元,8000.0,15000.0,11500.0,数据分析,数据分析,1-3年,本科,北京·朝阳·东湖,北京·朝阳·东湖,北京,朝阳,东湖,外商独资,500-999人,银行
业务运营.csv,新网银行,业务运营岗（线上渠道BD）,7000-12000元,7000.0,12000.0,9500.0,未知,未知,3-5年,本科,成都·武侯·桂溪,成都·武侯·桂溪,成都,武侯,桂溪,民营,500-999人,银行
业务运营.csv,海港人寿保险股份有限公司,团险业务运营处经理,面议,未知,未知,未知,未知,未知,5-10年,本科,深圳·南山·南山,深圳·南山·南山,深圳,南山,南山,国企,1000-9999人,保险
业务运营.csv,浙江新世纪人才开发有限公司,业务主管,5000-6000元,5000.0,6000.0,5500.0,未知,未知,经验不限,大专,杭州·钱塘·白杨,杭州·钱塘·白杨,杭州,钱塘,白杨,国企,300-499人,工程技术与设计服务
业务运营.csv,特来电新能源股份有限公司,数字运营经理,8000-15000元,8000.0,15000.0,11500.0,未知,未知,3-5年,本科,重庆·渝北,重庆·渝北,重庆,渝北,未知,股份制企业,1000-9999人,互联网
业务运营.csv,河南省金丰盛实业有限公司,运营专员,6000-12000元·13薪,6500.0,13000.0,9750.0,销售运营、数据运营、用户运营、B端客户对接、业务数据分析、流程优化,销售运营,1-3年,学历不限,郑州·管城·圃田,郑州·管城·圃田,郑州,管城,圃田,国企,100-299人,矿产/采掘
业务运营.csv,鲲鹏翔禧(北京)科技有限责任公司,连锁餐饮运营专员,8000-10000元,8000.0,10000.0,9000.0,不居家办公、策略运营、餐饮经验优先、产品运营、数据运营、内容运营,不居家办公,3-5年,本科,北京·东城·交道口,北京·东城·交道口,北京,东城,交道口,民营,20-99人,非金属矿物制品业
业务运营.csv,欧菲斯集团股份有限公司,市场运营专员（总部+双休五险一金） (MJ000561),5000-8000元,5000.0,8000.0,6500.0,销售运营、国内市场,销售运营,3-5年,本科,重庆·渝北,重庆·渝北,重庆,渝北,未知,股份制企业,1000-9999人,零售/批发
业务运营.csv,国体智慧体育技术创新中心(北京)有限公司,业务拓展与产品运营—高级专员,1-1.5万,10000.0,15000.0,12500.0,未知,未知,3-5年,本科,北京·通州·台湖,北京·通州·台湖,北京,通州,台湖,其它,100-299人,互联网
业务运营.csv,中国平安人寿保险股份有限公司,0291EE-业务稽核岗（运营组）,面议,未知,未知,未知,未知,未知,1-3年,本科,深圳·福田·福田街道,深圳·福田·福田街道,深圳,福田,福田街道,股份制企业,10000人以上,保险
业务运营.csv,河南霖岚工程有限公司,业务员（直播）,5000-10000元,5000.0,10000.0,7500.0,业务、销售、抖音、电商类、快手,业务,1-3年,学历不限,周口·太康县·毛庄镇,周口·太康县·毛庄镇,周口,太康县,毛庄镇,民营,20-99人,电力/水利/热力/燃气
业务运营.csv,内蒙古大窑嘉宾饮品有限公司,销售业务中台主管,1-1.5万,10000.0,15000.0,12500.0,未知,未知,3-5年,大专,呼和浩特·新城,呼和浩特·新城,呼和浩特,新城,未知,其它,1000-9999人,快速消费品
业务运营.csv,北京赛普智成科技有限公司天津分公司,客服运营业务专家,5000-10000元,5000.0,10000.0,7500.0,软件产品、云服务产品、ERP系统、OA系统、CRM系统,软件产品,3-5年,本科,天津·南开·广开,天津·南开·广开,天津,南开,广开,民营,20-99人,IT服务
业务运营.csv,北京新航城城市运营管理有限公司,停车业务负责人,1.3-1.5万,13000.0,15000.0,14000.0,未知,未知,3-5年,本科,北京·大兴·礼贤,北京·大兴·礼贤,北京,大兴,礼贤,国企,20-99人,土地与公共设施管理
业务运营.csv,陕西凯德实业有限公司,综合业务岗,4000-6000元,4000.0,6000.0,5000.0,生产管理储备,生产管理储备,经验不限,本科,西安·未央·张家堡,西安·未央·张家堡,西安,未央,张家堡,民营,500-999人,石油/石化
业务运营.csv,兔宝宝,木门运营专员,6000-12000元,6000.0,12000.0,9000.0,活动运营、门店运营,活动运营,经验不限,大专,杭州·上城·凯旋,杭州·上城·凯旋,杭州,上城,凯旋,上市公司,1000-9999人,家具制造
业务运营.csv,卓望信息技术(北京)有限公司,商客业务运营经理 （兼解决方案） (MJ000471),2-3万·13薪,21666.67,32500.0,27083.33,运营,运营,5-10年,本科,北京·丰台·看丹,北京·丰台·看丹,北京,丰台,看丹,外商独资,1000-9999人,互联网
业务运营.csv,苑东生物,电商C端业务经理(J10687),6000-12000元·13薪,6500.0,13000.0,9750.0,淘宝/天猫、店长、助理,淘宝/天猫,3-5年,大专,成都·双流·永安,成都·双流·永安,成都,双流,永安,民营,500-999人,医药制造
业务运营.csv,江苏零浩网络科技有限公司,新能源业务经理,1-1.5万,10000.0,15000.0,12500.0,未知,未知,3-5年,大专,伊犁·伊宁市·英也尔镇,伊犁·伊宁市·英也尔镇,伊犁,伊宁市,英也尔镇,民营,500-999人,互联网
业务运营.csv,徐福记,电商业务主管,8000-15000元,8000.0,15000.0,11500.0,淘宝/天猫、拼多多、京东、主管,淘宝/天猫,1-3年,大专,广州·天河·新塘,广州·天河·新塘,广州,天河,新塘,其它,1000-9999人,快速消费品
业务运营.csv,中智四川经济技术合作有限公司,新闻业务运营,4000-5000元,4000.0,5000.0,4500.0,新闻类,新闻类,经验不限,本科,成都·武侯·桂溪,成都·武侯·桂溪,成都,武侯,桂溪,国企,100-299人,人力资源服务
业务运营.csv,龙岩智联易购科技有限公司,互联网运营,5000-8000元,5000.0,8000.0,6500.0,未知,未知,经验不限,大专,龙岩·新罗区·东肖街道,龙岩·新罗区·东肖街道,龙岩,新罗区,东肖街道,20-99人,电子商务,未知
业务运营.csv,贵州彩数网络技术有限公司,运营专员,4000-6000元,4000.0,6000.0,5000.0,流程管理、汇报材料,流程管理,1-3年,本科,安顺·西秀区·东关街道,安顺·西秀区·东关街道,安顺,西秀区,东关街道,民营,100-299人,计算机软件
业务运营.csv,北京三快在线科技有限公司,闪购广告行业运营,面议,未知,未知,未知,未知,未知,1-3年,本科,北京,北京,北京,未知,未知,上市公司,10000人以上,互联网
业务运营.csv,晴天(天津)集团有限公司,运营数据分析师（高薪急聘）,7000-14000元,7000.0,14000.0,10500.0,销售数据运营、经营数据分析、财务数据分析、BI平台建设、PowerBI、经营思维、抗压性强、对接集团高层,销售数据运营,3-5年,大专,天津·南开·学府,天津·南开·学府,天津,南开,学府,民营,100-299人,企业服务
业务运营.csv,南京交控停车科技有限公司,自营业务运营经理,6000-8000元,6000.0,8000.0,7000.0,商家运营、产品运营、新媒体运营,商家运营,3-5年,本科,南京·雨花台·雨花,南京·雨花台·雨花,南京,雨花台,雨花,国企,20-99人,土地与公共设施管理
业务运营.csv,中海宏洋物业管理有限公司兰州分公司,美居业务运营岗,4000-6000元,4000.0,6000.0,5000.0,未知,未知,1-3年,大专,兰州·七里河区·龚家湾街道,兰州·七里河区·龚家湾街道,兰州,七里河区,龚家湾街道,国企,10000人以上,物业管理
业务运营.csv,广东博达科技有限公司,快消渠道运营经理,1.1-2万·13薪,11916.67,21666.67,16791.67,toB、toC,toB,经验不限,本科,佛山·禅城·石湾镇,佛山·禅城·石湾镇,佛山,禅城,石湾镇,民营,1000-9999人,贸易/进出口
业务运营.csv,欧菲斯集团股份有限公司,区域运营（偏运营支持-运营）,5000-8000元,5000.0,8000.0,6500.0,toB、专员,toB,1-3年,本科,重庆·渝北,重庆·渝北,重庆,渝北,未知,股份制企业,1000-9999人,零售/批发
业务运营.csv,聊城藏宝图传媒有限公司,莘县抖音本地生活业务,4000-8000元,4000.0,8000.0,6000.0,销售,销售,经验不限,学历不限,聊城·莘县·莘州街道,聊城·莘县·莘州街道,聊城,莘县,莘州街道,其它,20-99人,新媒体
业务运营.csv,浙江万联电器有限公司,跨境电商运营,6000-10000元,6000.0,10000.0,8000.0,阿里巴巴国际站、海外推广、精品运营、数据运营、Google、Facebook、YouTube、英语、亚马逊、TikTok,阿里巴巴国际站,3-5年,大专,温州·平阳县·万全镇,温州·平阳县·万全镇,温州,平阳县,万全镇,民营,100-299人,电子设备制造
业务运营.csv,四川佳海电子有限公司,新媒体运营经理,8000-12000元,8000.0,12000.0,10000.0,短视频平台、抖音、短视频运营、内容运营、活动运营,短视频平台,3-5年,大专,成都·武侯·桂溪,成都·武侯·桂溪,成都,武侯,桂溪,民营,1000-9999人,运营商/增值服务
业务运营.csv,衡水万迎丝网有限公司,业务主管,6000-8000元,6000.0,8000.0,7000.0,淘宝/天猫、拼多多、1688、经理、主管,淘宝/天猫,3-5年,大专,衡水·桃城区·河西街道,衡水·桃城区·河西街道,衡水,桃城区,河西街道,20-99人,金属制品业,未知
业务运营.csv,中国南光集团有限公司,市场运营部副经理,1.8-2万,18000.0,20000.0,19000.0,国际市场、港澳台、销售运营、国际贸易、合同,国际市场,5-10年,本科,澳门,澳门,澳门,未知,未知,国企,1000-9999人,企业服务
业务运营.csv,江苏悦润汽车科技有限公司,电商运营,5000-10000元·13薪,5416.67,10833.33,8125.0,京东、拼多多、抖音小店、经理,京东,1-3年,学历不限,盐城·盐都区·盐渎街道,盐城·盐都区·盐渎街道,盐城,盐都区,盐渎街道,20-99人,未知,未知
业务运营.csv,廊坊中雍科技发展有限公司,业务运维,4000-6000元,4000.0,6000.0,5000.0,未知,未知,经验不限,学历不限,廊坊·广阳区,廊坊·广阳区,廊坊,广阳区,未知,股份制企业,20-99人,快速消费品
业务运营.csv,软通动力信息技术(集团)股份有限公司,业务运营（天府四街/全额公积金）,6000-7000元,6000.0,7000.0,6500.0,数据运营、用户运营、活动运营,数据运营,3-5年,大专,成都·武侯·桂溪,成都·武侯·桂溪,成都,武侯,桂溪,上市公司,10000人以上,互联网
业务运营.csv,东方财富,业务支持管理岗（业务运营类）-26届春招 (MJ002646),1-1.5万·16薪,13333.33,20000.0,16666.67,理财、私募基金、业务推动,理财,经验不限,学历不限,南京·雨花台·铁心桥,南京·雨花台·铁心桥,南京,雨花台,铁心桥,上市公司,1000-9999人,互联网
业务运营.csv,安徽国信汇融科技有限公司,业务运营岗（信贷方向）,1-1.8万,10000.0,18000.0,14000.0,未知,未知,5-10年,本科,南京·浦口·江浦,南京·浦口·江浦,南京,浦口,江浦,20-99人,计算机软件,未知
业务运营.csv,华数传媒,高级业务运营经理SY2514,9000-11000元·16薪,12000.0,14666.67,13333.33,大屏,大屏,3-5年,本科,杭州·滨江·长河,杭州·滨江·长河,杭州,滨江,长河,国企,10000人以上,互联网
业务运营.csv,北京易才博普奥管理顾问有限公司,春秋游业务管理岗,9000-12000元,9000.0,12000.0,10500.0,未知,未知,1-3年,本科,深圳·光明·新湖,深圳·光明·新湖,深圳,光明,新湖,民营,20-99人,咨询服务
业务运营.csv,国家电投集团数字科技有限公司,IDC业务运营岗（直管）-2026年,面议,未知,未知,未知,IDC/机房运维,IDC/机房运维,1-3年,本科,安顺·平坝区·马场镇,安顺·平坝区·马场镇,安顺,平坝区,马场镇,国企,500-999人,IT服务
业务运营.csv,长安新生,业务运营实习生（后台）,100-120元/天,2200.0,2640.0,2420.0,运营专员、数据分析,运营专员,经验不限,本科,青岛·崂山·金家岭,青岛·崂山·金家岭,青岛,崂山,金家岭,股份制企业,1000-9999人,信托
业务运营.csv,福州奇拓电子有限公司,综合运营专员,6000-9000元,6000.0,9000.0,7500.0,产品运营、用户运营、数据运营,产品运营,3-5年,大专,福州·鼓楼·五凤,福州·鼓楼·五凤,福州,鼓楼,五凤,民营,20人以下,IT服务
业务运营.csv,北京三快在线科技有限公司,业务运营支持,面议,未知,未知,未知,未知,未知,1-3年,本科,深圳,深圳,深圳,未知,未知,上市公司,10000人以上,互联网
业务运营.csv,业乔投资,APP产品运营经理,1-2万,10000.0,20000.0,15000.0,会员体系搭建经验、B端用户、C端用户、产品迭代、用户增长,会员体系搭建经验,3-5年,学历不限,沈阳·沈河·北站,沈阳·沈河·北站,沈阳,沈河,北站,民营,1000-9999人,汽车研发/制造
业务运营.csv,中诚通国际投资有限公司,贸易业务部业务运营岗,5000-8000元,5000.0,8000.0,6500.0,未知,未知,3-5年,本科,金华·义乌市·后宅街道,金华·义乌市·后宅街道,金华,义乌市,后宅街道,股份制企业,100-299人,证券/期货
业务运营.csv,艾万特光电科技(南京)有限公司,光学业务运营经理,1.8-2.5万·14薪,21000.0,29166.67,25083.33,产品运营、光学元件、光学镜头,产品运营,5-10年,本科,南京·栖霞·燕子矶,南京·栖霞·燕子矶,南京,栖霞,燕子矶,外商独资,20-99人,仪器仪表制造
业务运营.csv,嘉驰英才(上海)信息科技有限公司合肥分公司,初级综合业务运营专员,3000-4000元,3000.0,4000.0,3500.0,产品运营、数据运营,产品运营,1-3年,本科,南宁·青秀·长塘,南宁·青秀·长塘,南宁,青秀,长塘,民营,1000-9999人,人力资源服务
业务运营.csv,中粮糖业控股股份有限公司,中粮糖业-财务共享中心-共享运营岗,7000-11000元,7000.0,11000.0,9000.0,未知,未知,3-5年,本科,天津·红桥·西于庄,天津·红桥·西于庄,天津,红桥,西于庄,国企,500-999人,农/林/牧/渔
业务运营.csv,卓望信息技术(北京)有限公司,业务运营主管（融媒体） (MJ000644),1.5-2.5万·13薪,16250.0,27083.33,21666.67,业务运营,业务运营,5-10年,本科,成都·武侯·石羊,成都·武侯·石羊,成都,武侯,石羊,外商独资,1000-9999人,互联网
业务运营.csv,广东顺德控股集团有限公司,顺控科创(天津)商业保理有限公司业务部业务运营岗,8000-10000元,8000.0,10000.0,9000.0,风险管理、保理业务拓展、保理产品设计、保理融资、资信调查、商业保理,风险管理,3-5年,本科,佛山·顺德·大良,佛山·顺德·大良,佛山,顺德,大良,国企,1000-9999人,投资/融资
业务运营.csv,石家庄赢拓电子商务服务有限公司,综合业务项目经理（大学校园运营方向）,5000-10000元,5000.0,10000.0,7500.0,未知,未知,3-5年,大专,石家庄·平山·东回舍,石家庄·平山·东回舍,石家庄,平山,东回舍,学校/下级学院,100-299人,学校/学历教育
业务运营.csv,厦门弘信电子科技集团股份有限公司,业务AI运营（上市企业总助）,1.2-1.8万,12000.0,18000.0,15000.0,未知,未知,5-10年,本科,厦门·翔安·马巷,厦门·翔安·马巷,厦门,翔安,马巷,民营,1000-9999人,电子/半导体/集成电路
业务运营.csv,中环网安科技有限公司,业务运营维护专员,7000-8000元,7000.0,8000.0,7500.0,未知,未知,1-3年,大专,北京·西城·西长安街,北京·西城·西长安街,北京,西城,西长安街,20-99人,专业技术服务,未知
业务运营.csv,安徽正正饲料科技有限公司,产品运营经理,8000-10000元,8000.0,10000.0,9000.0,未知,未知,3-5年,大专,蚌埠·淮上区·小蚌埠镇,蚌埠·淮上区·小蚌埠镇,蚌埠,淮上区,小蚌埠镇,民营,20-99人,农/林/牧/渔
业务运营.csv,深圳市志诚盛电子有限公司,业务运营主管,1-1.5万,10000.0,15000.0,12500.0,外贸销售、主管,外贸销售,3-5年,本科,深圳·龙岗·宝龙,深圳·龙岗·宝龙,深圳,龙岗,宝龙,民营,20-99人,通信/网络设备
业务运营.csv,象道物流集团有限公司,物流运营,8000-10000元,8000.0,10000.0,9000.0,未知,未知,3-5年,本科,西安·未央·张家堡,西安·未央·张家堡,西安,未央,张家堡,国企,1000-9999人,货运/物流/仓储
业务运营.csv,智联猎头,产品建设与运营服务,1.7-2.7万,17000.0,27000.0,22000.0,C端用户、B端用户,C端用户,3-5年,本科,北京·西城·牛街,北京·西城·牛街,北京,西城,牛街,其它,10000人以上,互联网
业务运营.csv,山东鲁花集团股份有限公司,电商业务运营主管,6000-12000元,6000.0,12000.0,9000.0,华南,华南,3-5年,大专,佛山·南海·桂城,佛山·南海·桂城,佛山,南海,桂城,民营,10000人以上,农/林/牧/渔
业务运营.csv,中国平安财产保险股份有限公司福建分公司,2026届星乘管培生（数据）,7000-10000元·15薪,8750.0,12500.0,10625.0,报表开发、数据治理,报表开发,经验不限,本科,福州·台江·茶亭,福州·台江·茶亭,福州,台江,茶亭,股份制企业,1000-9999人,保险
业务运营.csv,武汉启瑞药业,业务运营实习生(J11825),4000-6000元·13薪,4333.33,6500.0,5416.67,销售运营,销售运营,经验不限,本科,武汉·武昌,武汉·武昌,武汉,武昌,未知,民营,1000-9999人,医药制造
业务运营.csv,深圳市新凯来技术有限公司,项目运营工程师,2-4万·15薪,25000.0,50000.0,37500.0,项目运营、部门运营,项目运营,3-5年,本科,深圳·龙岗·平湖,深圳·龙岗·平湖,深圳,龙岗,平湖,国企,1000-9999人,电子/半导体/集成电路
业务运营.csv,义乌市金伊工艺品有限公司,电商业务员,4000-8000元,4000.0,8000.0,6000.0,1688、阿里巴巴国际站,1688,经验不限,学历不限,金华·义乌市·上溪镇,金华·义乌市·上溪镇,金华,义乌市,上溪镇,合资,20-99人,工艺品/收藏品/艺术品
业务运营.csv,中國郵政香港有限公司,抖音业务项目管理（兼职负责广州办公点日常管理）,面议,未知,未知,未知,未知,未知,3-5年,本科,广州·天河·林和,广州·天河·林和,广州,天河,林和,国企,100-299人,邮政/快递
业务运营.csv,北京三快在线科技有限公司,大模型业务运营,面议,未知,未知,未知,未知,未知,3-5年,本科,上海·杨浦·大桥,上海·杨浦·大桥,上海,杨浦,大桥,上市公司,10000人以上,互联网
业务运营.csv,深德科,产品运营,1.2-1.6万,12000.0,16000.0,14000.0,会员体系搭建经验、C端用户、社交类产品、社区类产品、产品迭代、用户增长、活动策划、钱包、游戏类产品、平台类产品,会员体系搭建经验,1-3年,本科,深圳·南山·南山,深圳·南山·南山,深圳,南山,南山,民营,1000-9999人,IT服务
业务运营.csv,中诚通国际投资有限公司,物流业务部业务运营岗,5000-8000元,5000.0,8000.0,6500.0,未知,未知,3-5年,本科,金华·义乌市·后宅街道,金华·义乌市·后宅街道,金华,义乌市,后宅街道,股份制企业,100-299人,证券/期货
业务运营.csv,西安以探企业管理有限责任公司,运营助理,5000-10000元,5000.0,10000.0,7500.0,产品运营、销售运营、用户运营,产品运营,经验不限,大专,西安·碑林·长安路,西安·碑林·长安路,西安,碑林,长安路,其它,20-99人,零售/批发
业务运营.csv,湖北瑞峰商务服务有限公司,云业务运营总经理,8000-12000元,8000.0,12000.0,10000.0,未知,未知,5-10年,本科,十堰·茅箭区·二堰街道,十堰·茅箭区·二堰街道,十堰,茅箭区,二堰街道,500-999人,互联网,未知
业务运营.csv,舜风传媒集团股份有限公司,业务运营经理,1.5-3万,15000.0,30000.0,22500.0,新媒体运营、内容运营,新媒体运营,3-5年,本科,济南·槐荫,济南·槐荫,济南,槐荫,未知,民营,500-999人,广告/营销
业务运营.csv,北京资兴科技有限公司,业务运营总监,1-2万,10000.0,20000.0,15000.0,未知,未知,5-10年,学历不限,北京·海淀·北太平庄,北京·海淀·北太平庄,北京,海淀,北太平庄,20人以下,运营商/增值服务,未知
业务运营.csv,原善企业管理咨询(石家庄)有限公司,出海业务（企业关系与项目运营）高级经理,9000-15000元,9000.0,15000.0,12000.0,B端客户、海外SEO/SEM投放、海外市场研究、合作伙伴关系建立、国际商务沟通,B端客户,1-3年,本科,石家庄·裕华·长江,石家庄·裕华·长江,石家庄,裕华,长江,20人以下,咨询服务,未知
业务运营.csv,河南人和通讯科技有限公司,业务运营,4000-6000元,4000.0,6000.0,5000.0,未知,未知,1-3年,大专,新乡·红旗区·东街街道,新乡·红旗区·东街街道,新乡,红旗区,东街街道,其它,20-99人,运营商/增值服务
业务运营.csv,湖南为华企业管理有限公司,销售运营,6000-8000元,6000.0,8000.0,7000.0,业务运营,业务运营,5-10年,本科,长沙·开福·新河,长沙·开福·新河,长沙,开福,新河,民营,100-299人,咨询服务
业务运营.csv,安图生物,数据智能分析师,6000-12000元,6000.0,12000.0,9000.0,数据治理、BI工具、数据建模、报表开发、PowerBI、FineBI,数据治理,3-5年,本科,郑州·管城,郑州·管城,郑州,管城,未知,股份制企业,1000-9999人,医药制造
